&,Ziv 127,,,,,,,,,,
104a,1,0011,suite,mixed,4630,1350,FALSE,TRUE,TRUE,--,100
104b,1,0011,suite,mixed,4630,1350,FALSE,TRUE,TRUE,--,100
104c,1,0011,suite,mixed,4630,1350,FALSE,TRUE,TRUE,--,80
104d,1,0011,suite,mixed,4630,1350,FALSE,TRUE,TRUE,--,95
104e,1,0011,suite,mixed,4630,1350,FALSE,TRUE,TRUE,--,95
104f,1,0011,suite,mixed,4630,1350,FALSE,TRUE,TRUE,--,95
103a,1,0011,suite,mixed,4630,1350,FALSE,TRUE,TRUE,--,100
103b,1,0011,suite,mixed,4630,1350,FALSE,TRUE,TRUE,--,100
103c,1,0011,suite,mixed,4630,1350,FALSE,TRUE,TRUE,--,80
103d,1,0011,suite,mixed,4630,1350,FALSE,TRUE,TRUE,--,95
103e,1,0011,suite,mixed,4630,1350,FALSE,TRUE,TRUE,--,95
103f,1,0011,suite,mixed,4630,1350,FALSE,TRUE,TRUE,--,95
202a,2,0011,suite,mixed,4630,1350,FALSE,TRUE,TRUE,--,100
202b,2,0011,suite,mixed,4630,1350,FALSE,TRUE,TRUE,--,100
202c,2,0011,suite,mixed,4630,1350,FALSE,TRUE,TRUE,--,80
202d,2,0011,suite,mixed,4630,1350,FALSE,TRUE,TRUE,--,95
202e,2,0011,suite,mixed,4630,1350,FALSE,TRUE,TRUE,--,95
202f,2,0011,suite,mixed,4630,1350,FALSE,TRUE,TRUE,--,95
203a,2,0011,suite,mixed,4630,1350,FALSE,TRUE,TRUE,--,100
203b,2,0011,suite,mixed,4630,1350,FALSE,TRUE,TRUE,--,100
203c,2,0011,suite,mixed,4630,1350,FALSE,TRUE,TRUE,--,80
203d,2,0011,suite,mixed,4630,1350,FALSE,TRUE,TRUE,--,95
203e,2,0011,suite,mixed,4630,1350,FALSE,TRUE,TRUE,--,95
203f,2,0011,suite,mixed,4630,1350,FALSE,TRUE,TRUE,--,95
204a,2,0011,suite,mixed,4630,1350,FALSE,TRUE,TRUE,--,100
204b,2,0011,suite,mixed,4630,1350,FALSE,TRUE,TRUE,--,100
204c,2,0011,suite,mixed,4630,1350,FALSE,TRUE,TRUE,--,80
204d,2,0011,suite,mixed,4630,1350,FALSE,TRUE,TRUE,--,95
204e,2,0011,suite,mixed,4630,1350,FALSE,TRUE,TRUE,--,95
204f,2,0011,suite,mixed,4630,1350,FALSE,TRUE,TRUE,--,95
302a,3,0011,suite,mixed,4630,1350,FALSE,TRUE,TRUE,--,100
302b,3,0011,suite,mixed,4630,1350,FALSE,TRUE,TRUE,--,100
302c,3,0011,suite,mixed,4630,1350,FALSE,TRUE,TRUE,--,80
302d,3,0011,suite,mixed,4630,1350,FALSE,TRUE,TRUE,--,95
302e,3,0011,suite,mixed,4630,1350,FALSE,TRUE,TRUE,--,95
302f,3,0011,suite,mixed,4630,1350,FALSE,TRUE,TRUE,--,95
303a,3,0011,suite,mixed,4630,1350,FALSE,TRUE,TRUE,--,100
303b,3,0011,suite,mixed,4630,1350,FALSE,TRUE,TRUE,--,100
303c,3,0011,suite,mixed,4630,1350,FALSE,TRUE,TRUE,--,80
303d,3,0011,suite,mixed,4630,1350,FALSE,TRUE,TRUE,--,95
303e,3,0011,suite,mixed,4630,1350,FALSE,TRUE,TRUE,--,95
303f,3,0011,suite,mixed,4630,1350,FALSE,TRUE,TRUE,--,95
304a,3,0011,suite,mixed,4630,1350,FALSE,TRUE,TRUE,--,100
304b,3,0011,suite,mixed,4630,1350,FALSE,TRUE,TRUE,--,100
304c,3,0011,suite,mixed,4630,1350,FALSE,TRUE,TRUE,--,80
304d,3,0011,suite,mixed,4630,1350,FALSE,TRUE,TRUE,--,95
304e,3,0011,suite,mixed,4630,1350,FALSE,TRUE,TRUE,--,95
304f,3,0011,suite,mixed,4630,1350,FALSE,TRUE,TRUE,--,95
402a,4,0011,suite,mixed,4630,1350,FALSE,TRUE,TRUE,--,100
402b,4,0011,suite,mixed,4630,1350,FALSE,TRUE,TRUE,--,100
402c,4,0011,suite,mixed,4630,1350,FALSE,TRUE,TRUE,--,80
402d,4,0011,suite,mixed,4630,1350,FALSE,TRUE,TRUE,--,95
402e,4,0011,suite,mixed,4630,1350,FALSE,TRUE,TRUE,--,95
402f,4,0011,suite,mixed,4630,1350,FALSE,TRUE,TRUE,--,95
403a,4,0011,suite,mixed,4630,1350,FALSE,TRUE,TRUE,--,100
403b,4,0011,suite,mixed,4630,1350,FALSE,TRUE,TRUE,--,100
403c,4,0011,suite,mixed,4630,1350,FALSE,TRUE,TRUE,--,80
403d,4,0011,suite,mixed,4630,1350,FALSE,TRUE,TRUE,--,95
403e,4,0011,suite,mixed,4630,1350,FALSE,TRUE,TRUE,--,95
403f,4,0011,suite,mixed,4630,1350,FALSE,TRUE,TRUE,--,95
404a,4,0011,suite,mixed,4630,1350,FALSE,TRUE,TRUE,--,100
404b,4,0011,suite,mixed,4630,1350,FALSE,TRUE,TRUE,--,100
404c,4,0011,suite,mixed,4630,1350,FALSE,TRUE,TRUE,--,80
404d,4,0011,suite,mixed,4630,1350,FALSE,TRUE,TRUE,--,95
404e,4,0011,suite,mixed,4630,1350,FALSE,TRUE,TRUE,--,95
404f,4,0011,suite,mixed,4630,1350,FALSE,TRUE,TRUE,--,95
502a,5,0011,suite,mixed,4630,1350,FALSE,TRUE,TRUE,--,100
502b,5,0011,suite,mixed,4630,1350,FALSE,TRUE,TRUE,--,100
502c,5,0011,suite,mixed,4630,1350,FALSE,TRUE,TRUE,--,80
502d,5,0011,suite,mixed,4630,1350,FALSE,TRUE,TRUE,--,95
502e,5,0011,suite,mixed,4630,1350,FALSE,TRUE,TRUE,--,95
502f,5,0011,suite,mixed,4630,1350,FALSE,TRUE,TRUE,--,95
503a,5,0011,suite,mixed,4630,1350,FALSE,TRUE,TRUE,--,100
503b,5,0011,suite,mixed,4630,1350,FALSE,TRUE,TRUE,--,100
503c,5,0011,suite,mixed,4630,1350,FALSE,TRUE,TRUE,--,80
503d,5,0011,suite,mixed,4630,1350,FALSE,TRUE,TRUE,--,95
503e,5,0011,suite,mixed,4630,1350,FALSE,TRUE,TRUE,--,95
503f,5,0011,suite,mixed,4630,1350,FALSE,TRUE,TRUE,--,95
504a,5,0011,suite,mixed,4630,1350,FALSE,TRUE,TRUE,--,100
504b,5,0011,suite,mixed,4630,1350,FALSE,TRUE,TRUE,--,100
504c,5,0011,suite,mixed,4630,1350,FALSE,TRUE,TRUE,--,80
504d,5,0011,suite,mixed,4630,1350,FALSE,TRUE,TRUE,--,95
504e,5,0011,suite,mixed,4630,1350,FALSE,TRUE,TRUE,--,95
504f,5,0011,suite,mixed,4630,1350,FALSE,TRUE,TRUE,--,95
&,Ziv 128,,,,,,,,,,
102a,1,0011,suite,mixed,4630,1350,FALSE,TRUE,TRUE,--,100
102b,1,0011,suite,mixed,4630,1350,FALSE,TRUE,TRUE,--,100
102c,1,0011,suite,mixed,4630,1350,FALSE,TRUE,TRUE,--,80
102d,1,0011,suite,mixed,4630,1350,FALSE,TRUE,TRUE,--,95
102e,1,0011,suite,mixed,4630,1350,FALSE,TRUE,TRUE,--,95
102f,1,0011,suite,mixed,4630,1350,FALSE,TRUE,TRUE,--,95
103a,1,0011,suite,mixed,4630,1350,FALSE,TRUE,TRUE,--,100
103b,1,0011,suite,mixed,4630,1350,FALSE,TRUE,TRUE,--,100
103c,1,0011,suite,mixed,4630,1350,FALSE,TRUE,TRUE,--,80
103d,1,0011,suite,mixed,4630,1350,FALSE,TRUE,TRUE,--,95
103e,1,0011,suite,mixed,4630,1350,FALSE,TRUE,TRUE,--,95
103f,1,0011,suite,mixed,4630,1350,FALSE,TRUE,TRUE,--,95
104a,1,0011,suite,mixed,4630,1350,FALSE,TRUE,TRUE,--,100
104b,1,0011,suite,mixed,4630,1350,FALSE,TRUE,TRUE,--,100
104c,1,0011,suite,mixed,4630,1350,FALSE,TRUE,TRUE,--,80
104d,1,0011,suite,mixed,4630,1350,FALSE,TRUE,TRUE,--,95
104e,1,0011,suite,mixed,4630,1350,FALSE,TRUE,TRUE,--,95
104f,1,0011,suite,mixed,4630,1350,FALSE,TRUE,TRUE,--,95
202a,2,0011,suite,mixed,4630,1350,FALSE,TRUE,TRUE,--,100
202b,2,0011,suite,mixed,4630,1350,FALSE,TRUE,TRUE,--,100
202c,2,0011,suite,mixed,4630,1350,FALSE,TRUE,TRUE,--,80
202d,2,0011,suite,mixed,4630,1350,FALSE,TRUE,TRUE,--,95
202e,2,0011,suite,mixed,4630,1350,FALSE,TRUE,TRUE,--,95
202f,2,0011,suite,mixed,4630,1350,FALSE,TRUE,TRUE,--,95
203a,2,0011,suite,mixed,4630,1350,FALSE,TRUE,TRUE,--,100
203b,2,0011,suite,mixed,4630,1350,FALSE,TRUE,TRUE,--,100
203c,2,0011,suite,mixed,4630,1350,FALSE,TRUE,TRUE,--,80
203d,2,0011,suite,mixed,4630,1350,FALSE,TRUE,TRUE,--,95
203e,2,0011,suite,mixed,4630,1350,FALSE,TRUE,TRUE,--,95
203f,2,0011,suite,mixed,4630,1350,FALSE,TRUE,TRUE,--,95
204a,2,0011,suite,mixed,4630,1350,FALSE,TRUE,TRUE,--,100
204b,2,0011,suite,mixed,4630,1350,FALSE,TRUE,TRUE,--,100
204c,2,0011,suite,mixed,4630,1350,FALSE,TRUE,TRUE,--,80
204d,2,0011,suite,mixed,4630,1350,FALSE,TRUE,TRUE,--,95
204e,2,0011,suite,mixed,4630,1350,FALSE,TRUE,TRUE,--,95
204f,2,0011,suite,mixed,4630,1350,FALSE,TRUE,TRUE,--,95
302a,3,0011,suite,mixed,4630,1350,FALSE,TRUE,TRUE,--,100
302b,3,0011,suite,mixed,4630,1350,FALSE,TRUE,TRUE,--,100
302c,3,0011,suite,mixed,4630,1350,FALSE,TRUE,TRUE,--,80
302d,3,0011,suite,mixed,4630,1350,FALSE,TRUE,TRUE,--,95
302e,3,0011,suite,mixed,4630,1350,FALSE,TRUE,TRUE,--,95
302f,3,0011,suite,mixed,4630,1350,FALSE,TRUE,TRUE,--,95
303a,3,0011,suite,mixed,4630,1350,FALSE,TRUE,TRUE,--,100
303b,3,0011,suite,mixed,4630,1350,FALSE,TRUE,TRUE,--,100
303c,3,0011,suite,mixed,4630,1350,FALSE,TRUE,TRUE,--,80
303d,3,0011,suite,mixed,4630,1350,FALSE,TRUE,TRUE,--,95
303e,3,0011,suite,mixed,4630,1350,FALSE,TRUE,TRUE,--,95
303f,3,0011,suite,mixed,4630,1350,FALSE,TRUE,TRUE,--,95
304a,3,0011,suite,mixed,4630,1350,FALSE,TRUE,TRUE,--,100
304b,3,0011,suite,mixed,4630,1350,FALSE,TRUE,TRUE,--,100
304c,3,0011,suite,mixed,4630,1350,FALSE,TRUE,TRUE,--,80
304d,3,0011,suite,mixed,4630,1350,FALSE,TRUE,TRUE,--,95
304e,3,0011,suite,mixed,4630,1350,FALSE,TRUE,TRUE,--,95
304f,3,0011,suite,mixed,4630,1350,FALSE,TRUE,TRUE,--,95
402a,4,0011,suite,mixed,4630,1350,FALSE,TRUE,TRUE,--,100
402b,4,0011,suite,mixed,4630,1350,FALSE,TRUE,TRUE,--,100
402c,4,0011,suite,mixed,4630,1350,FALSE,TRUE,TRUE,--,80
402d,4,0011,suite,mixed,4630,1350,FALSE,TRUE,TRUE,--,95
402e,4,0011,suite,mixed,4630,1350,FALSE,TRUE,TRUE,--,95
402f,4,0011,suite,mixed,4630,1350,FALSE,TRUE,TRUE,--,95
403a,4,0011,suite,mixed,4630,1350,FALSE,TRUE,TRUE,--,100
403b,4,0011,suite,mixed,4630,1350,FALSE,TRUE,TRUE,--,100
403c,4,0011,suite,mixed,4630,1350,FALSE,TRUE,TRUE,--,80
403d,4,0011,suite,mixed,4630,1350,FALSE,TRUE,TRUE,--,95
403e,4,0011,suite,mixed,4630,1350,FALSE,TRUE,TRUE,--,95
403f,4,0011,suite,mixed,4630,1350,FALSE,TRUE,TRUE,--,95
404a,4,0011,suite,mixed,4630,1350,FALSE,TRUE,TRUE,--,100
404b,4,0011,suite,mixed,4630,1350,FALSE,TRUE,TRUE,--,100
404c,4,0011,suite,mixed,4630,1350,FALSE,TRUE,TRUE,--,80
404d,4,0011,suite,mixed,4630,1350,FALSE,TRUE,TRUE,--,95
404e,4,0011,suite,mixed,4630,1350,FALSE,TRUE,TRUE,--,95
404f,4,0011,suite,mixed,4630,1350,FALSE,TRUE,TRUE,--,95
502a,5,0011,suite,mixed,4630,1350,FALSE,TRUE,TRUE,--,100
502b,5,0011,suite,mixed,4630,1350,FALSE,TRUE,TRUE,--,100
502c,5,0011,suite,mixed,4630,1350,FALSE,TRUE,TRUE,--,80
502d,5,0011,suite,mixed,4630,1350,FALSE,TRUE,TRUE,--,95
502e,5,0011,suite,mixed,4630,1350,FALSE,TRUE,TRUE,--,95
502f,5,0011,suite,mixed,4630,1350,FALSE,TRUE,TRUE,--,95
503a,5,0011,suite,mixed,4630,1350,FALSE,TRUE,TRUE,--,100
503b,5,0011,suite,mixed,4630,1350,FALSE,TRUE,TRUE,--,100
503c,5,0011,suite,mixed,4630,1350,FALSE,TRUE,TRUE,--,80
503d,5,0011,suite,mixed,4630,1350,FALSE,TRUE,TRUE,--,95
503e,5,0011,suite,mixed,4630,1350,FALSE,TRUE,TRUE,--,95
503f,5,0011,suite,mixed,4630,1350,FALSE,TRUE,TRUE,--,95
504a,5,0011,suite,mixed,4630,1350,FALSE,TRUE,TRUE,--,100
504b,5,0011,suite,mixed,4630,1350,FALSE,TRUE,TRUE,--,100
504c,5,0011,suite,mixed,4630,1350,FALSE,TRUE,TRUE,--,80
504d,5,0011,suite,mixed,4630,1350,FALSE,TRUE,TRUE,--,95
504e,5,0011,suite,mixed,4630,1350,FALSE,TRUE,TRUE,--,95
504f,5,0011,suite,mixed,4630,1350,FALSE,TRUE,TRUE,--,95
&,Ziv 129,,,,,,,,,,
104a,1,0011,suite,mixed,4630,1350,FALSE,TRUE,TRUE,--,100
104b,1,0011,suite,mixed,4630,1350,FALSE,TRUE,TRUE,--,100
104c,1,0011,suite,mixed,4630,1350,FALSE,TRUE,TRUE,--,80
104d,1,0011,suite,mixed,4630,1350,FALSE,TRUE,TRUE,--,95
104e,1,0011,suite,mixed,4630,1350,FALSE,TRUE,TRUE,--,95
104f,1,0011,suite,mixed,4630,1350,FALSE,TRUE,TRUE,--,95
103a,1,0011,suite,mixed,4630,1350,FALSE,TRUE,TRUE,--,100
103b,1,0011,suite,mixed,4630,1350,FALSE,TRUE,TRUE,--,100
103c,1,0011,suite,mixed,4630,1350,FALSE,TRUE,TRUE,--,80
103d,1,0011,suite,mixed,4630,1350,FALSE,TRUE,TRUE,--,95
103e,1,0011,suite,mixed,4630,1350,FALSE,TRUE,TRUE,--,95
103f,1,0011,suite,mixed,4630,1350,FALSE,TRUE,TRUE,--,95
202a,2,0011,suite,mixed,4630,1350,FALSE,TRUE,TRUE,--,100
202b,2,0011,suite,mixed,4630,1350,FALSE,TRUE,TRUE,--,100
202c,2,0011,suite,mixed,4630,1350,FALSE,TRUE,TRUE,--,80
202d,2,0011,suite,mixed,4630,1350,FALSE,TRUE,TRUE,--,95
202e,2,0011,suite,mixed,4630,1350,FALSE,TRUE,TRUE,--,95
202f,2,0011,suite,mixed,4630,1350,FALSE,TRUE,TRUE,--,95
203a,2,0011,suite,mixed,4630,1350,FALSE,TRUE,TRUE,--,100
203b,2,0011,suite,mixed,4630,1350,FALSE,TRUE,TRUE,--,100
203c,2,0011,suite,mixed,4630,1350,FALSE,TRUE,TRUE,--,80
203d,2,0011,suite,mixed,4630,1350,FALSE,TRUE,TRUE,--,95
203e,2,0011,suite,mixed,4630,1350,FALSE,TRUE,TRUE,--,95
203f,2,0011,suite,mixed,4630,1350,FALSE,TRUE,TRUE,--,95
204a,2,0011,suite,mixed,4630,1350,FALSE,TRUE,TRUE,--,100
204b,2,0011,suite,mixed,4630,1350,FALSE,TRUE,TRUE,--,100
204c,2,0011,suite,mixed,4630,1350,FALSE,TRUE,TRUE,--,80
204d,2,0011,suite,mixed,4630,1350,FALSE,TRUE,TRUE,--,95
204e,2,0011,suite,mixed,4630,1350,FALSE,TRUE,TRUE,--,95
204f,2,0011,suite,mixed,4630,1350,FALSE,TRUE,TRUE,--,95
302a,3,0011,suite,mixed,4630,1350,FALSE,TRUE,TRUE,--,100
302b,3,0011,suite,mixed,4630,1350,FALSE,TRUE,TRUE,--,100
302c,3,0011,suite,mixed,4630,1350,FALSE,TRUE,TRUE,--,80
302d,3,0011,suite,mixed,4630,1350,FALSE,TRUE,TRUE,--,95
302e,3,0011,suite,mixed,4630,1350,FALSE,TRUE,TRUE,--,95
302f,3,0011,suite,mixed,4630,1350,FALSE,TRUE,TRUE,--,95
303a,3,0011,suite,mixed,4630,1350,FALSE,TRUE,TRUE,--,100
303b,3,0011,suite,mixed,4630,1350,FALSE,TRUE,TRUE,--,100
303c,3,0011,suite,mixed,4630,1350,FALSE,TRUE,TRUE,--,80
303d,3,0011,suite,mixed,4630,1350,FALSE,TRUE,TRUE,--,95
303e,3,0011,suite,mixed,4630,1350,FALSE,TRUE,TRUE,--,95
303f,3,0011,suite,mixed,4630,1350,FALSE,TRUE,TRUE,--,95
304a,3,0011,suite,mixed,4630,1350,FALSE,TRUE,TRUE,--,100
304b,3,0011,suite,mixed,4630,1350,FALSE,TRUE,TRUE,--,100
304c,3,0011,suite,mixed,4630,1350,FALSE,TRUE,TRUE,--,80
304d,3,0011,suite,mixed,4630,1350,FALSE,TRUE,TRUE,--,95
304e,3,0011,suite,mixed,4630,1350,FALSE,TRUE,TRUE,--,95
304f,3,0011,suite,mixed,4630,1350,FALSE,TRUE,TRUE,--,95
402a,4,0011,suite,mixed,4630,1350,FALSE,TRUE,TRUE,--,100
402b,4,0011,suite,mixed,4630,1350,FALSE,TRUE,TRUE,--,100
402c,4,0011,suite,mixed,4630,1350,FALSE,TRUE,TRUE,--,80
402d,4,0011,suite,mixed,4630,1350,FALSE,TRUE,TRUE,--,95
402e,4,0011,suite,mixed,4630,1350,FALSE,TRUE,TRUE,--,95
402f,4,0011,suite,mixed,4630,1350,FALSE,TRUE,TRUE,--,95
403a,4,0011,suite,mixed,4630,1350,FALSE,TRUE,TRUE,--,100
403b,4,0011,suite,mixed,4630,1350,FALSE,TRUE,TRUE,--,100
403c,4,0011,suite,mixed,4630,1350,FALSE,TRUE,TRUE,--,80
403d,4,0011,suite,mixed,4630,1350,FALSE,TRUE,TRUE,--,95
403e,4,0011,suite,mixed,4630,1350,FALSE,TRUE,TRUE,--,95
403f,4,0011,suite,mixed,4630,1350,FALSE,TRUE,TRUE,--,95
404a,4,0011,suite,mixed,4630,1350,FALSE,TRUE,TRUE,--,100
404b,4,0011,suite,mixed,4630,1350,FALSE,TRUE,TRUE,--,100
404c,4,0011,suite,mixed,4630,1350,FALSE,TRUE,TRUE,--,80
404d,4,0011,suite,mixed,4630,1350,FALSE,TRUE,TRUE,--,95
404e,4,0011,suite,mixed,4630,1350,FALSE,TRUE,TRUE,--,95
404f,4,0011,suite,mixed,4630,1350,FALSE,TRUE,TRUE,--,95
502a,5,0011,suite,mixed,4630,1350,FALSE,TRUE,TRUE,--,100
502b,5,0011,suite,mixed,4630,1350,FALSE,TRUE,TRUE,--,100
502c,5,0011,suite,mixed,4630,1350,FALSE,TRUE,TRUE,--,80
502d,5,0011,suite,mixed,4630,1350,FALSE,TRUE,TRUE,--,95
502e,5,0011,suite,mixed,4630,1350,FALSE,TRUE,TRUE,--,95
502f,5,0011,suite,mixed,4630,1350,FALSE,TRUE,TRUE,--,95
503a,5,0011,suite,mixed,4630,1350,FALSE,TRUE,TRUE,--,100
503b,5,0011,suite,mixed,4630,1350,FALSE,TRUE,TRUE,--,100
503c,5,0011,suite,mixed,4630,1350,FALSE,TRUE,TRUE,--,80
503d,5,0011,suite,mixed,4630,1350,FALSE,TRUE,TRUE,--,95
503e,5,0011,suite,mixed,4630,1350,FALSE,TRUE,TRUE,--,95
503f,5,0011,suite,mixed,4630,1350,FALSE,TRUE,TRUE,--,95
504a,5,0011,suite,mixed,4630,1350,FALSE,TRUE,TRUE,--,100
504b,5,0011,suite,mixed,4630,1350,FALSE,TRUE,TRUE,--,100
504c,5,0011,suite,mixed,4630,1350,FALSE,TRUE,TRUE,--,80
504d,5,0011,suite,mixed,4630,1350,FALSE,TRUE,TRUE,--,95
504e,5,0011,suite,mixed,4630,1350,FALSE,TRUE,TRUE,--,95
504f,5,0011,suite,mixed,4630,1350,FALSE,TRUE,TRUE,--,95
&,Ziv 130,,,,,,,,,,
102a,1,0011,suite,mixed,4630,1350,FALSE,TRUE,TRUE,--,100
102b,1,0011,suite,mixed,4630,1350,FALSE,TRUE,TRUE,--,100
102c,1,0011,suite,mixed,4630,1350,FALSE,TRUE,TRUE,--,80
102d,1,0011,suite,mixed,4630,1350,FALSE,TRUE,TRUE,--,95
102e,1,0011,suite,mixed,4630,1350,FALSE,TRUE,TRUE,--,95
102f,1,0011,suite,mixed,4630,1350,FALSE,TRUE,TRUE,--,95
103a,1,0011,suite,mixed,4630,1350,FALSE,TRUE,TRUE,--,100
103b,1,0011,suite,mixed,4630,1350,FALSE,TRUE,TRUE,--,100
103c,1,0011,suite,mixed,4630,1350,FALSE,TRUE,TRUE,--,80
103d,1,0011,suite,mixed,4630,1350,FALSE,TRUE,TRUE,--,95
103e,1,0011,suite,mixed,4630,1350,FALSE,TRUE,TRUE,--,95
103f,1,0011,suite,mixed,4630,1350,FALSE,TRUE,TRUE,--,95
104a,1,0011,suite,mixed,4630,1350,FALSE,TRUE,TRUE,--,100
104b,1,0011,suite,mixed,4630,1350,FALSE,TRUE,TRUE,--,100
104c,1,0011,suite,mixed,4630,1350,FALSE,TRUE,TRUE,--,80
104d,1,0011,suite,mixed,4630,1350,FALSE,TRUE,TRUE,--,95
104e,1,0011,suite,mixed,4630,1350,FALSE,TRUE,TRUE,--,95
104f,1,0011,suite,mixed,4630,1350,FALSE,TRUE,TRUE,--,95
202a,2,0011,suite,mixed,4630,1350,FALSE,TRUE,TRUE,--,100
202b,2,0011,suite,mixed,4630,1350,FALSE,TRUE,TRUE,--,100
202c,2,0011,suite,mixed,4630,1350,FALSE,TRUE,TRUE,--,80
202d,2,0011,suite,mixed,4630,1350,FALSE,TRUE,TRUE,--,95
202e,2,0011,suite,mixed,4630,1350,FALSE,TRUE,TRUE,--,95
202f,2,0011,suite,mixed,4630,1350,FALSE,TRUE,TRUE,--,95
203a,2,0011,suite,mixed,4630,1350,FALSE,TRUE,TRUE,--,100
203b,2,0011,suite,mixed,4630,1350,FALSE,TRUE,TRUE,--,100
203c,2,0011,suite,mixed,4630,1350,FALSE,TRUE,TRUE,--,80
203d,2,0011,suite,mixed,4630,1350,FALSE,TRUE,TRUE,--,95
203e,2,0011,suite,mixed,4630,1350,FALSE,TRUE,TRUE,--,95
203f,2,0011,suite,mixed,4630,1350,FALSE,TRUE,TRUE,--,95
204a,2,0011,suite,mixed,4630,1350,FALSE,TRUE,TRUE,--,100
204b,2,0011,suite,mixed,4630,1350,FALSE,TRUE,TRUE,--,100
204c,2,0011,suite,mixed,4630,1350,FALSE,TRUE,TRUE,--,80
204d,2,0011,suite,mixed,4630,1350,FALSE,TRUE,TRUE,--,95
204e,2,0011,suite,mixed,4630,1350,FALSE,TRUE,TRUE,--,95
204f,2,0011,suite,mixed,4630,1350,FALSE,TRUE,TRUE,--,95
302a,3,0011,suite,mixed,4630,1350,FALSE,TRUE,TRUE,--,100
302b,3,0011,suite,mixed,4630,1350,FALSE,TRUE,TRUE,--,100
302c,3,0011,suite,mixed,4630,1350,FALSE,TRUE,TRUE,--,80
302d,3,0011,suite,mixed,4630,1350,FALSE,TRUE,TRUE,--,95
302e,3,0011,suite,mixed,4630,1350,FALSE,TRUE,TRUE,--,95
302f,3,0011,suite,mixed,4630,1350,FALSE,TRUE,TRUE,--,95
303a,3,0011,suite,mixed,4630,1350,FALSE,TRUE,TRUE,--,100
303b,3,0011,suite,mixed,4630,1350,FALSE,TRUE,TRUE,--,100
303c,3,0011,suite,mixed,4630,1350,FALSE,TRUE,TRUE,--,80
303d,3,0011,suite,mixed,4630,1350,FALSE,TRUE,TRUE,--,95
303e,3,0011,suite,mixed,4630,1350,FALSE,TRUE,TRUE,--,95
303f,3,0011,suite,mixed,4630,1350,FALSE,TRUE,TRUE,--,95
304a,3,0011,suite,mixed,4630,1350,FALSE,TRUE,TRUE,--,100
304b,3,0011,suite,mixed,4630,1350,FALSE,TRUE,TRUE,--,100
304c,3,0011,suite,mixed,4630,1350,FALSE,TRUE,TRUE,--,80
304d,3,0011,suite,mixed,4630,1350,FALSE,TRUE,TRUE,--,95
304e,3,0011,suite,mixed,4630,1350,FALSE,TRUE,TRUE,--,95
304f,3,0011,suite,mixed,4630,1350,FALSE,TRUE,TRUE,--,95
402a,4,0011,suite,mixed,4630,1350,FALSE,TRUE,TRUE,--,100
402b,4,0011,suite,mixed,4630,1350,FALSE,TRUE,TRUE,--,100
402c,4,0011,suite,mixed,4630,1350,FALSE,TRUE,TRUE,--,80
402d,4,0011,suite,mixed,4630,1350,FALSE,TRUE,TRUE,--,95
402e,4,0011,suite,mixed,4630,1350,FALSE,TRUE,TRUE,--,95
402f,4,0011,suite,mixed,4630,1350,FALSE,TRUE,TRUE,--,95
403a,4,0011,suite,mixed,4630,1350,FALSE,TRUE,TRUE,--,100
403b,4,0011,suite,mixed,4630,1350,FALSE,TRUE,TRUE,--,100
403c,4,0011,suite,mixed,4630,1350,FALSE,TRUE,TRUE,--,80
403d,4,0011,suite,mixed,4630,1350,FALSE,TRUE,TRUE,--,95
403e,4,0011,suite,mixed,4630,1350,FALSE,TRUE,TRUE,--,95
403f,4,0011,suite,mixed,4630,1350,FALSE,TRUE,TRUE,--,95
404a,4,0011,suite,mixed,4630,1350,FALSE,TRUE,TRUE,--,100
404b,4,0011,suite,mixed,4630,1350,FALSE,TRUE,TRUE,--,100
404c,4,0011,suite,mixed,4630,1350,FALSE,TRUE,TRUE,--,80
404d,4,0011,suite,mixed,4630,1350,FALSE,TRUE,TRUE,--,95
404e,4,0011,suite,mixed,4630,1350,FALSE,TRUE,TRUE,--,95
404f,4,0011,suite,mixed,4630,1350,FALSE,TRUE,TRUE,--,95
&,North,,,,,,,,,,
101a,1,0100,suite,mixed,4625,80,FALSE,TRUE,FALSE,--,100
101b,1,0100,suite,mixed,4160,80,FALSE,TRUE,FALSE,--,190
101c,1,0100,suite,mixed,4625,80,FALSE,TRUE,FALSE,--,110
101d,1,0100,suite,mixed,4625,80,FALSE,TRUE,FALSE,--,110
101e,1,0100,suite,mixed,4160,80,FALSE,TRUE,FALSE,--,190
101f,1,0100,suite,mixed,4625,80,FALSE,TRUE,FALSE,--,100
104a,1,0100,suite,mixed,4625,80,FALSE,TRUE,FALSE,--,100
104b,1,0100,suite,mixed,4160,80,FALSE,TRUE,FALSE,--,190
104c,1,0100,suite,mixed,4625,80,FALSE,TRUE,FALSE,--,110
104d,1,0100,suite,mixed,4625,80,FALSE,TRUE,FALSE,--,110
104e,1,0100,suite,mixed,4160,80,FALSE,TRUE,FALSE,--,190
104f,1,0100,suite,mixed,4625,80,FALSE,TRUE,FALSE,--,100
201a,2,0100,suite,mixed,4625,80,FALSE,TRUE,FALSE,--,100
201b,2,0100,suite,mixed,4160,80,FALSE,TRUE,FALSE,--,190
201c,2,0100,suite,mixed,4625,80,FALSE,TRUE,FALSE,--,110
201d,2,0100,suite,mixed,4625,80,FALSE,TRUE,FALSE,--,110
201e,2,0100,suite,mixed,4160,80,FALSE,TRUE,FALSE,--,190
201f,2,0100,suite,mixed,4625,80,FALSE,TRUE,FALSE,--,100
204a,2,0100,suite,mixed,4625,80,FALSE,TRUE,FALSE,--,100
204b,2,0100,suite,mixed,4160,80,FALSE,TRUE,FALSE,--,190
204c,2,0100,suite,mixed,4625,80,FALSE,TRUE,FALSE,--,110
204d,2,0100,suite,mixed,4625,80,FALSE,TRUE,FALSE,--,110
204e,2,0100,suite,mixed,4160,80,FALSE,TRUE,FALSE,--,190
204f,2,0100,suite,mixed,4625,80,FALSE,TRUE,FALSE,--,100
301a,3,0100,suite,mixed,4625,80,FALSE,TRUE,FALSE,--,100
301b,3,0100,suite,mixed,4160,80,FALSE,TRUE,FALSE,--,190
301c,3,0100,suite,mixed,4625,80,FALSE,TRUE,FALSE,--,110
301d,3,0100,suite,mixed,4625,80,FALSE,TRUE,FALSE,--,110
301e,3,0100,suite,mixed,4160,80,FALSE,TRUE,FALSE,--,190
301f,3,0100,suite,mixed,4625,80,FALSE,TRUE,FALSE,--,100
304a,3,0100,suite,mixed,4625,80,FALSE,TRUE,FALSE,--,100
304b,3,0100,suite,mixed,4160,80,FALSE,TRUE,FALSE,--,190
304c,3,0100,suite,mixed,4625,80,FALSE,TRUE,FALSE,--,110
304d,3,0100,suite,mixed,4625,80,FALSE,TRUE,FALSE,--,110
304e,3,0100,suite,mixed,4160,80,FALSE,TRUE,FALSE,--,190
304f,3,0100,suite,mixed,4625,80,FALSE,TRUE,FALSE,--,100
401a,4,0100,suite,mixed,4625,80,FALSE,TRUE,FALSE,--,100
401b,4,0100,suite,mixed,4160,80,FALSE,TRUE,FALSE,--,190
401c,4,0100,suite,mixed,4625,80,FALSE,TRUE,FALSE,--,110
401d,4,0100,suite,mixed,4625,80,FALSE,TRUE,FALSE,--,110
401e,4,0100,suite,mixed,4160,80,FALSE,TRUE,FALSE,--,190
401f,4,0100,suite,mixed,4625,80,FALSE,TRUE,FALSE,--,100
&,East,,,,,,,,,,
101a,1,0100,suite,mixed,4625,80,FALSE,FALSE,FALSE,--,100
101b,1,0100,suite,mixed,4160,80,FALSE,FALSE,FALSE,--,190
101c,1,0100,suite,mixed,4625,80,FALSE,FALSE,FALSE,--,110
101d,1,0100,suite,mixed,4625,80,FALSE,FALSE,FALSE,--,110
101e,1,0100,suite,mixed,4160,80,FALSE,FALSE,FALSE,--,190
101f,1,0100,suite,mixed,4625,80,FALSE,FALSE,FALSE,--,100
104a,1,0100,suite,mixed,4625,80,FALSE,FALSE,FALSE,--,100
104b,1,0100,suite,mixed,4160,80,FALSE,FALSE,FALSE,--,190
104c,1,0100,suite,mixed,4625,80,FALSE,FALSE,FALSE,--,110
104d,1,0100,suite,mixed,4625,80,FALSE,FALSE,FALSE,--,110
104e,1,0100,suite,mixed,4160,80,FALSE,FALSE,FALSE,--,190
104f,1,0100,suite,mixed,4625,80,FALSE,FALSE,FALSE,--,100
201a,2,0100,suite,mixed,4625,80,FALSE,FALSE,FALSE,--,100
201b,2,0100,suite,mixed,4160,80,FALSE,FALSE,FALSE,--,190
201c,2,0100,suite,mixed,4625,80,FALSE,FALSE,FALSE,--,110
201d,2,0100,suite,mixed,4625,80,FALSE,FALSE,FALSE,--,110
201e,2,0100,suite,mixed,4160,80,FALSE,FALSE,FALSE,--,190
201f,2,0100,suite,mixed,4625,80,FALSE,FALSE,FALSE,--,100
204a,2,0100,suite,mixed,4625,80,FALSE,FALSE,FALSE,--,100
204b,2,0100,suite,mixed,4160,80,FALSE,FALSE,FALSE,--,190
204c,2,0100,suite,mixed,4625,80,FALSE,FALSE,FALSE,--,110
204d,2,0100,suite,mixed,4625,80,FALSE,FALSE,FALSE,--,110
204e,2,0100,suite,mixed,4160,80,FALSE,FALSE,FALSE,--,190
204f,2,0100,suite,mixed,4625,80,FALSE,FALSE,FALSE,--,100
301a,3,0100,suite,mixed,4625,80,FALSE,FALSE,FALSE,--,100
301b,3,0100,suite,mixed,4160,80,FALSE,FALSE,FALSE,--,190
301c,3,0100,suite,mixed,4625,80,FALSE,FALSE,FALSE,--,110
301d,3,0100,suite,mixed,4625,80,FALSE,FALSE,FALSE,--,110
301e,3,0100,suite,mixed,4160,80,FALSE,FALSE,FALSE,--,190
301f,3,0100,suite,mixed,4625,80,FALSE,FALSE,FALSE,--,100
304a,3,0100,suite,mixed,4625,80,FALSE,FALSE,FALSE,--,100
304b,3,0100,suite,mixed,4160,80,FALSE,FALSE,FALSE,--,190
304c,3,0100,suite,mixed,4625,80,FALSE,FALSE,FALSE,--,110
304d,3,0100,suite,mixed,4625,80,FALSE,FALSE,FALSE,--,110
304e,3,0100,suite,mixed,4160,80,FALSE,FALSE,FALSE,--,190
304f,3,0100,suite,mixed,4625,80,FALSE,FALSE,FALSE,--,100
401a,4,0100,suite,mixed,4625,80,FALSE,FALSE,FALSE,--,100
401b,4,0100,suite,mixed,4160,80,FALSE,FALSE,FALSE,--,190
401c,4,0100,suite,mixed,4625,80,FALSE,FALSE,FALSE,--,110
401d,4,0100,suite,mixed,4625,80,FALSE,FALSE,FALSE,--,110
401e,4,0100,suite,mixed,4160,80,FALSE,FALSE,FALSE,--,190
401f,4,0100,suite,mixed,4625,80,FALSE,FALSE,FALSE,--,100
&,South,,,,,,,,,,
101a,1,0100,suite,mixed,4625,80,FALSE,FALSE,FALSE,--,100
101b,1,0100,suite,mixed,4160,80,FALSE,FALSE,FALSE,--,190
101c,1,0100,suite,mixed,4625,80,FALSE,FALSE,FALSE,--,110
101d,1,0100,suite,mixed,4625,80,FALSE,FALSE,FALSE,--,110
101e,1,0100,suite,mixed,4160,80,FALSE,FALSE,FALSE,--,190
101f,1,0100,suite,mixed,4625,80,FALSE,FALSE,FALSE,--,100
104a,1,0100,suite,mixed,4625,80,FALSE,FALSE,FALSE,--,100
104b,1,0100,suite,mixed,4160,80,FALSE,FALSE,FALSE,--,190
104c,1,0100,suite,mixed,4625,80,FALSE,FALSE,FALSE,--,110
104d,1,0100,suite,mixed,4625,80,FALSE,FALSE,FALSE,--,110
104e,1,0100,suite,mixed,4160,80,FALSE,FALSE,FALSE,--,190
104f,1,0100,suite,mixed,4625,80,FALSE,FALSE,FALSE,--,100
201a,2,0100,suite,mixed,4625,80,FALSE,FALSE,FALSE,--,100
201b,2,0100,suite,mixed,4160,80,FALSE,FALSE,FALSE,--,190
201c,2,0100,suite,mixed,4625,80,FALSE,FALSE,FALSE,--,110
201d,2,0100,suite,mixed,4625,80,FALSE,FALSE,FALSE,--,110
201e,2,0100,suite,mixed,4160,80,FALSE,FALSE,FALSE,--,190
201f,2,0100,suite,mixed,4625,80,FALSE,FALSE,FALSE,--,100
204a,2,0100,suite,mixed,4625,80,FALSE,FALSE,FALSE,--,100
204b,2,0100,suite,mixed,4160,80,FALSE,FALSE,FALSE,--,190
204c,2,0100,suite,mixed,4625,80,FALSE,FALSE,FALSE,--,110
204d,2,0100,suite,mixed,4625,80,FALSE,FALSE,FALSE,--,110
204e,2,0100,suite,mixed,4160,80,FALSE,FALSE,FALSE,--,190
204f,2,0100,suite,mixed,4625,80,FALSE,FALSE,FALSE,--,100
301a,3,0100,suite,mixed,4625,80,FALSE,FALSE,FALSE,--,100
301b,3,0100,suite,mixed,4160,80,FALSE,FALSE,FALSE,--,190
301c,3,0100,suite,mixed,4625,80,FALSE,FALSE,FALSE,--,110
301d,3,0100,suite,mixed,4625,80,FALSE,FALSE,FALSE,--,110
301e,3,0100,suite,mixed,4160,80,FALSE,FALSE,FALSE,--,190
301f,3,0100,suite,mixed,4625,80,FALSE,FALSE,FALSE,--,100
304a,3,0100,suite,mixed,4625,80,FALSE,FALSE,FALSE,--,100
304b,3,0100,suite,mixed,4160,80,FALSE,FALSE,FALSE,--,190
304c,3,0100,suite,mixed,4625,80,FALSE,FALSE,FALSE,--,110
304d,3,0100,suite,mixed,4625,80,FALSE,FALSE,FALSE,--,110
304e,3,0100,suite,mixed,4160,80,FALSE,FALSE,FALSE,--,190
304f,3,0100,suite,mixed,4625,80,FALSE,FALSE,FALSE,--,100
401a,4,0100,suite,mixed,4625,80,FALSE,FALSE,FALSE,--,100
401b,4,0100,suite,mixed,4160,80,FALSE,FALSE,FALSE,--,190
401c,4,0100,suite,mixed,4625,80,FALSE,FALSE,FALSE,--,110
401d,4,0100,suite,mixed,4625,80,FALSE,FALSE,FALSE,--,110
401e,4,0100,suite,mixed,4160,80,FALSE,FALSE,FALSE,--,190
401f,4,0100,suite,mixed,4625,80,FALSE,FALSE,FALSE,--,100
&,Ridgewood A,,,,,,,,,,
120a,1,0011,suite,mixed ,5750,1045,TRUE,TRUE,TRUE,--,--
120b,1,0011,suite,mixed ,5750,1045,TRUE,TRUE,TRUE,--,--
120c,1,0011,suite,mixed ,5750,1045,TRUE,TRUE,TRUE,--,--
120d,1,0011,suite,mixed ,5750,1045,TRUE,TRUE,TRUE,--,--
210a,2,0011,suite,mixed ,5750,1045,TRUE,TRUE,TRUE,--,--
210b,2,0011,suite,mixed ,5750,1045,TRUE,TRUE,TRUE,--,--
210c,2,0011,suite,mixed ,5750,1045,TRUE,TRUE,TRUE,--,--
210d,2,0011,suite,mixed ,5750,1045,TRUE,TRUE,TRUE,--,--
220a,2,0011,suite,mixed ,5750,1045,TRUE,TRUE,TRUE,--,--
220b,2,0011,suite,mixed ,5750,1045,TRUE,TRUE,TRUE,--,--
220c,2,0011,suite,mixed ,5750,1045,TRUE,TRUE,TRUE,--,--
220d,2,0011,suite,mixed ,5750,1045,TRUE,TRUE,TRUE,--,--
310a,3,0011,suite,mixed ,5750,1045,TRUE,TRUE,TRUE,--,--
310b,3,0011,suite,mixed ,5750,1045,TRUE,TRUE,TRUE,--,--
310c,3,0011,suite,mixed ,5750,1045,TRUE,TRUE,TRUE,--,--
310d,3,0011,suite,mixed ,5750,1045,TRUE,TRUE,TRUE,--,--
320a,3,0011,suite,mixed ,5750,1045,TRUE,TRUE,TRUE,--,--
320b,3,0011,suite,mixed ,5750,1045,TRUE,TRUE,TRUE,--,--
320c,3,0011,suite,mixed ,5750,1045,TRUE,TRUE,TRUE,--,--
320d,3,0011,suite,mixed ,5750,1045,TRUE,TRUE,TRUE,--,--
330a,3,0011,suite,mixed ,5750,1045,TRUE,TRUE,TRUE,--,--
330b,3,0011,suite,mixed ,5750,1045,TRUE,TRUE,TRUE,--,--
330c,3,0011,suite,mixed ,5750,1045,TRUE,TRUE,TRUE,--,--
330d,3,0011,suite,mixed ,5750,1045,TRUE,TRUE,TRUE,--,--
340a,3,0011,suite,mixed ,5750,1045,TRUE,TRUE,TRUE,--,--
340b,3,0011,suite,mixed ,5750,1045,TRUE,TRUE,TRUE,--,--
340c,3,0011,suite,mixed ,5750,1045,TRUE,TRUE,TRUE,--,--
340d,3,0011,suite,mixed ,5750,1045,TRUE,TRUE,TRUE,--,--
&,Ridgewood B,,,,,,,,,,
110a,1,0011,suite,mixed ,5750,1035,TRUE,TRUE,TRUE,--,--
110b,1,0011,suite,mixed ,5750,1035,TRUE,TRUE,TRUE,--,--
110c,1,0011,suite,mixed ,5750,1035,TRUE,TRUE,TRUE,--,--
110d,1,0011,suite,mixed ,5750,1035,TRUE,TRUE,TRUE,--,--
110e,1,0011,suite,mixed ,5750,1035,TRUE,TRUE,TRUE,--,--
110f,1,0011,suite,mixed ,5750,1035,TRUE,TRUE,TRUE,--,--
130a,1,0011,suite,mixed ,5750,1045,TRUE,TRUE,TRUE,--,--
130b,1,0011,suite,mixed ,5750,1045,TRUE,TRUE,TRUE,--,--
130c,1,0011,suite,mixed ,5750,1045,TRUE,TRUE,TRUE,--,--
130d,1,0011,suite,mixed ,5750,1045,TRUE,TRUE,TRUE,--,--
210a,2,0011,suite,mixed ,5750,1045,TRUE,TRUE,TRUE,--,--
210b,2,0011,suite,mixed ,5750,1045,TRUE,TRUE,TRUE,--,--
210c,2,0011,suite,mixed ,5750,1045,TRUE,TRUE,TRUE,--,--
210d,2,0011,suite,mixed ,5750,1045,TRUE,TRUE,TRUE,--,--
220a,2,0011,suite,mixed ,5750,1045,TRUE,TRUE,TRUE,--,--
220b,2,0011,suite,mixed ,5750,1045,TRUE,TRUE,TRUE,--,--
220c,2,0011,suite,mixed ,5750,1045,TRUE,TRUE,TRUE,--,--
220d,2,0011,suite,mixed ,5750,1045,TRUE,TRUE,TRUE,--,--
230a,2,0011,suite,mixed ,5750,1045,TRUE,TRUE,TRUE,--,--
230b,2,0011,suite,mixed ,5750,1045,TRUE,TRUE,TRUE,--,--
230c,2,0011,suite,mixed ,5750,1045,TRUE,TRUE,TRUE,--,--
230d,2,0011,suite,mixed ,5750,1045,TRUE,TRUE,TRUE,--,--
240a,2,0011,suite,mixed ,5750,1045,TRUE,TRUE,TRUE,--,--
240b,2,0011,suite,mixed ,5750,1045,TRUE,TRUE,TRUE,--,--
240c,2,0011,suite,mixed ,5750,1045,TRUE,TRUE,TRUE,--,--
240d,2,0011,suite,mixed ,5750,1045,TRUE,TRUE,TRUE,--,--
250a,2,0011,suite,mixed ,5750,1035,TRUE,TRUE,TRUE,--,--
250b,2,0011,suite,mixed ,5750,1035,TRUE,TRUE,TRUE,--,--
250c,2,0011,suite,mixed ,5750,1035,TRUE,TRUE,TRUE,--,--
250d,2,0011,suite,mixed ,5750,1035,TRUE,TRUE,TRUE,--,--
250e,2,0011,suite,mixed ,5750,1035,TRUE,TRUE,TRUE,--,--
250f,2,0011,suite,mixed ,5750,1035,TRUE,TRUE,TRUE,--,--
310a,3,0011,suite,mixed ,5750,1045,TRUE,TRUE,TRUE,--,--
310b,3,0011,suite,mixed ,5750,1045,TRUE,TRUE,TRUE,--,--
310c,3,0011,suite,mixed ,5750,1045,TRUE,TRUE,TRUE,--,--
310d,3,0011,suite,mixed ,5750,1045,TRUE,TRUE,TRUE,--,--
320a,3,0011,suite,mixed ,5750,1045,TRUE,TRUE,TRUE,--,--
320b,3,0011,suite,mixed ,5750,1045,TRUE,TRUE,TRUE,--,--
320c,3,0011,suite,mixed ,5750,1045,TRUE,TRUE,TRUE,--,--
320d,3,0011,suite,mixed ,5750,1045,TRUE,TRUE,TRUE,--,--
330a,3,0011,suite,mixed ,5750,1045,TRUE,TRUE,TRUE,--,--
330b,3,0011,suite,mixed ,5750,1045,TRUE,TRUE,TRUE,--,--
330c,3,0011,suite,mixed ,5750,1045,TRUE,TRUE,TRUE,--,--
330d,3,0011,suite,mixed ,5750,1045,TRUE,TRUE,TRUE,--,--
340a,3,0011,suite,mixed ,5750,1045,TRUE,TRUE,TRUE,--,--
340b,3,0011,suite,mixed ,5750,1045,TRUE,TRUE,TRUE,--,--
340c,3,0011,suite,mixed ,5750,1045,TRUE,TRUE,TRUE,--,--
340d,3,0011,suite,mixed ,5750,1045,TRUE,TRUE,TRUE,--,--
350a,3,0011,suite,mixed ,5750,1035,TRUE,TRUE,TRUE,--,--
350b,3,0011,suite,mixed ,5750,1035,TRUE,TRUE,TRUE,--,--
350c,3,0011,suite,mixed ,5750,1035,TRUE,TRUE,TRUE,--,--
350d,3,0011,suite,mixed ,5750,1035,TRUE,TRUE,TRUE,--,--
350e,3,0011,suite,mixed ,5750,1035,TRUE,TRUE,TRUE,--,--
350f,3,0011,suite,mixed ,5750,1035,TRUE,TRUE,TRUE,--,--
410a,4,0011,suite,mixed ,5750,1045,TRUE,TRUE,TRUE,--,--
410b,4,0011,suite,mixed ,5750,1045,TRUE,TRUE,TRUE,--,--
410c,4,0011,suite,mixed ,5750,1045,TRUE,TRUE,TRUE,--,--
410d,4,0011,suite,mixed ,5750,1045,TRUE,TRUE,TRUE,--,--
420a,4,0011,suite,mixed ,5750,1045,TRUE,TRUE,TRUE,--,--
420b,4,0011,suite,mixed ,5750,1045,TRUE,TRUE,TRUE,--,--
420c,4,0011,suite,mixed ,5750,1045,TRUE,TRUE,TRUE,--,--
420d,4,0011,suite,mixed ,5750,1045,TRUE,TRUE,TRUE,--,--
430a,4,0011,suite,mixed ,5750,1045,TRUE,TRUE,TRUE,--,--
430b,4,0011,suite,mixed ,5750,1045,TRUE,TRUE,TRUE,--,--
430c,4,0011,suite,mixed ,5750,1045,TRUE,TRUE,TRUE,--,--
430d,4,0011,suite,mixed ,5750,1045,TRUE,TRUE,TRUE,--,--
440a,4,0011,suite,mixed ,5750,1045,TRUE,TRUE,TRUE,--,--
440b,4,0011,suite,mixed ,5750,1045,TRUE,TRUE,TRUE,--,--
440c,4,0011,suite,mixed ,5750,1045,TRUE,TRUE,TRUE,--,--
440d,4,0011,suite,mixed ,5750,1045,TRUE,TRUE,TRUE,--,--
450a,4,0011,suite,mixed ,5750,1035,TRUE,TRUE,TRUE,--,--
450b,4,0011,suite,mixed ,5750,1035,TRUE,TRUE,TRUE,--,--
450c,4,0011,suite,mixed ,5750,1035,TRUE,TRUE,TRUE,--,--
450d,4,0011,suite,mixed ,5750,1035,TRUE,TRUE,TRUE,--,--
450e,4,0011,suite,mixed ,5750,1035,TRUE,TRUE,TRUE,--,--
450f,4,0011,suite,mixed ,5750,1035,TRUE,TRUE,TRUE,--,--
&,Ridgewood C,,,,,,,,,,
020a,0,0011,suite,mixed ,5750,1045,TRUE,TRUE,TRUE,--,--
020b,0,0011,suite,mixed ,5750,1045,TRUE,TRUE,TRUE,--,--
020c,0,0011,suite,mixed ,5750,1045,TRUE,TRUE,TRUE,--,--
020d,0,0011,suite,mixed ,5750,1045,TRUE,TRUE,TRUE,--,--
030a,0,0011,suite,mixed ,5750,1045,TRUE,TRUE,TRUE,--,--
030b,0,0011,suite,mixed ,5750,1045,TRUE,TRUE,TRUE,--,--
030c,0,0011,suite,mixed ,5750,1045,TRUE,TRUE,TRUE,--,--
030d,0,0011,suite,mixed ,5750,1045,TRUE,TRUE,TRUE,--,--
110a,1,0011,suite,mixed ,5750,1045,TRUE,TRUE,TRUE,--,--
110b,1,0011,suite,mixed ,5750,1045,TRUE,TRUE,TRUE,--,--
110c,1,0011,suite,mixed ,5750,1045,TRUE,TRUE,TRUE,--,--
110d,1,0011,suite,mixed ,5750,1045,TRUE,TRUE,TRUE,--,--
120a,1,0011,suite,mixed ,5750,1045,TRUE,TRUE,TRUE,--,--
120b,1,0011,suite,mixed ,5750,1045,TRUE,TRUE,TRUE,--,--
120c,1,0011,suite,mixed ,5750,1045,TRUE,TRUE,TRUE,--,--
120d,1,0011,suite,mixed ,5750,1045,TRUE,TRUE,TRUE,--,--
130a,1,0011,suite,mixed ,5750,1045,TRUE,TRUE,TRUE,--,--
130b,1,0011,suite,mixed ,5750,1045,TRUE,TRUE,TRUE,--,--
130c,1,0011,suite,mixed ,5750,1045,TRUE,TRUE,TRUE,--,--
130d,1,0011,suite,mixed ,5750,1045,TRUE,TRUE,TRUE,--,--
150a,1,0011,suite,mixed ,5750,1045,TRUE,TRUE,TRUE,--,--
150b,1,0011,suite,mixed ,5750,1045,TRUE,TRUE,TRUE,--,--
150c,1,0011,suite,mixed ,5750,1045,TRUE,TRUE,TRUE,--,--
150d,1,0011,suite,mixed ,5750,1045,TRUE,TRUE,TRUE,--,--
210a,2,0011,suite,mixed ,5750,1045,TRUE,TRUE,TRUE,--,--
210b,2,0011,suite,mixed ,5750,1045,TRUE,TRUE,TRUE,--,--
210c,2,0011,suite,mixed ,5750,1045,TRUE,TRUE,TRUE,--,--
210d,2,0011,suite,mixed ,5750,1045,TRUE,TRUE,TRUE,--,--
220a,2,0011,suite,mixed ,5750,1045,TRUE,TRUE,TRUE,--,--
220b,2,0011,suite,mixed ,5750,1045,TRUE,TRUE,TRUE,--,--
220c,2,0011,suite,mixed ,5750,1045,TRUE,TRUE,TRUE,--,--
220d,2,0011,suite,mixed ,5750,1045,TRUE,TRUE,TRUE,--,--
230a,2,0011,suite,mixed ,5750,1045,TRUE,TRUE,TRUE,--,--
230b,2,0011,suite,mixed ,5750,1045,TRUE,TRUE,TRUE,--,--
230c,2,0011,suite,mixed ,5750,1045,TRUE,TRUE,TRUE,--,--
230d,2,0011,suite,mixed ,5750,1045,TRUE,TRUE,TRUE,--,--
240a,2,0011,suite,mixed ,5750,1045,TRUE,TRUE,TRUE,--,--
240b,2,0011,suite,mixed ,5750,1045,TRUE,TRUE,TRUE,--,--
240c,2,0011,suite,mixed ,5750,1045,TRUE,TRUE,TRUE,--,--
240d,2,0011,suite,mixed ,5750,1045,TRUE,TRUE,TRUE,--,--
250a,2,0011,suite,mixed ,5750,1045,TRUE,TRUE,TRUE,--,--
250b,2,0011,suite,mixed ,5750,1045,TRUE,TRUE,TRUE,--,--
250c,2,0011,suite,mixed ,5750,1045,TRUE,TRUE,TRUE,--,--
250d,2,0011,suite,mixed ,5750,1045,TRUE,TRUE,TRUE,--,--
310a,3,0011,suite,mixed ,5750,1045,TRUE,TRUE,TRUE,--,--
310b,3,0011,suite,mixed ,5750,1045,TRUE,TRUE,TRUE,--,--
310c,3,0011,suite,mixed ,5750,1045,TRUE,TRUE,TRUE,--,--
310d,3,0011,suite,mixed ,5750,1045,TRUE,TRUE,TRUE,--,--
320a,3,0011,suite,mixed ,5750,1045,TRUE,TRUE,TRUE,--,--
320b,3,0011,suite,mixed ,5750,1045,TRUE,TRUE,TRUE,--,--
320c,3,0011,suite,mixed ,5750,1045,TRUE,TRUE,TRUE,--,--
320d,3,0011,suite,mixed ,5750,1045,TRUE,TRUE,TRUE,--,--
330a,3,0011,suite,mixed ,5750,1045,TRUE,TRUE,TRUE,--,--
330b,3,0011,suite,mixed ,5750,1045,TRUE,TRUE,TRUE,--,--
330c,3,0011,suite,mixed ,5750,1045,TRUE,TRUE,TRUE,--,--
330d,3,0011,suite,mixed ,5750,1045,TRUE,TRUE,TRUE,--,--
340a,3,0011,suite,mixed ,5750,1045,TRUE,TRUE,TRUE,--,--
340b,3,0011,suite,mixed ,5750,1045,TRUE,TRUE,TRUE,--,--
340c,3,0011,suite,mixed ,5750,1045,TRUE,TRUE,TRUE,--,--
340d,3,0011,suite,mixed ,5750,1045,TRUE,TRUE,TRUE,--,--
350a,3,0011,suite,mixed ,5750,1045,TRUE,TRUE,TRUE,--,--
350b,3,0011,suite,mixed ,5750,1045,TRUE,TRUE,TRUE,--,--
350c,3,0011,suite,mixed ,5750,1045,TRUE,TRUE,TRUE,--,--
350d,3,0011,suite,mixed ,5750,1045,TRUE,TRUE,TRUE,--,--
410a,4,0011,suite,mixed ,5750,1045,TRUE,TRUE,TRUE,--,--
410b,4,0011,suite,mixed ,5750,1045,TRUE,TRUE,TRUE,--,--
410c,4,0011,suite,mixed ,5750,1045,TRUE,TRUE,TRUE,--,--
410d,4,0011,suite,mixed ,5750,1045,TRUE,TRUE,TRUE,--,--
430a,4,0011,suite,mixed ,5750,1045,TRUE,TRUE,TRUE,--,--
430b,4,0011,suite,mixed ,5750,1045,TRUE,TRUE,TRUE,--,--
430c,4,0011,suite,mixed ,5750,1045,TRUE,TRUE,TRUE,--,--
430d,4,0011,suite,mixed ,5750,1045,TRUE,TRUE,TRUE,--,--
440a,4,0011,suite,mixed ,5750,1045,TRUE,TRUE,TRUE,--,--
440b,4,0011,suite,mixed ,5750,1045,TRUE,TRUE,TRUE,--,--
440c,4,0011,suite,mixed ,5750,1045,TRUE,TRUE,TRUE,--,--
440d,4,0011,suite,mixed ,5750,1045,TRUE,TRUE,TRUE,--,--
450a,4,0011,suite,mixed ,5750,1045,TRUE,TRUE,TRUE,--,--
450b,4,0011,suite,mixed ,5750,1045,TRUE,TRUE,TRUE,--,--
450c,4,0011,suite,mixed ,5750,1045,TRUE,TRUE,TRUE,--,--
450d,4,0011,suite,mixed ,5750,1045,TRUE,TRUE,TRUE,--,--
&,"Morton May, 110 Angleside Road",,,,,,,,,,
111a-1a,1,0011,suite,mixed ,5360,1200,TRUE,TRUE,FALSE,--,133
111a-1b,1,0011,suite,mixed ,5360,1200,TRUE,TRUE,FALSE,--,139
111a-1c,1,0011,suite,mixed ,5360,1200,TRUE,TRUE,FALSE,--,84
111a-3a,2,0011,suite,mixed ,5360,1200,TRUE,TRUE,FALSE,--,133
111a-3b,2,0011,suite,mixed ,5360,1200,TRUE,TRUE,FALSE,--,139
111a-3c,2,0011,suite,mixed ,5360,1200,TRUE,TRUE,FALSE,--,84
111a-4a,2,0011,suite,mixed ,5360,1250,TRUE,TRUE,FALSE,--,126
111a-4b,2,0011,suite,mixed ,5360,1250,TRUE,TRUE,FALSE,--,88
111a-4c,2,0011,suite,mixed ,5360,1250,TRUE,TRUE,FALSE,--,88
111a-4d,2,0011,suite,mixed ,5360,1250,TRUE,TRUE,FALSE,--,126
111a-4e,2,0011,suite,mixed ,5200,1250,TRUE,TRUE,FALSE,--,86
111b-2a,2,0011,suite,mixed ,5360,1750,FALSE,TRUE,FALSE,--,168
111b-2b,2,0011,suite,mixed ,5360,1750,FALSE,TRUE,FALSE,--,168
111c-1a,2,0011,suite,mixed ,5360,1750,FALSE,TRUE,FALSE,--,168
111c-1b,2,0011,suite,mixed ,5360,1750,FALSE,TRUE,FALSE,--,168
111c-2a,2,0011,suite,mixed ,5360,1750,FALSE,TRUE,FALSE,--,168
111c-2b,2,0011,suite,mixed ,5360,1750,FALSE,TRUE,FALSE,--,168
111d-1a,2,0011,suite,mixed ,5360,1750,FALSE,TRUE,FALSE,--,168
111d-1b,2,0011,suite,mixed ,5360,1750,FALSE,TRUE,FALSE,--,168
111b-3a,3,0011,suite,mixed ,5360,1250,TRUE,TRUE,FALSE,--,126
111b-3b,3,0011,suite,mixed ,5360,1250,TRUE,TRUE,FALSE,--,88
111b-3c,3,0011,suite,mixed ,5360,1250,TRUE,TRUE,FALSE,--,88
111b-3d,3,0011,suite,mixed ,5360,1250,TRUE,TRUE,FALSE,--,126
111b-3e,3,0011,suite,mixed ,5200,1250,TRUE,TRUE,FALSE,--,86
111b-4a,3,0011,suite,mixed ,5360,1750,FALSE,TRUE,FALSE,--,168
111b-4b,3,0011,suite,mixed ,5360,1750,FALSE,TRUE,FALSE,--,168
111c-3a,3,0011,suite,mixed ,5360,1750,FALSE,TRUE,FALSE,--,168
111c-3b,3,0011,suite,mixed ,5360,1750,FALSE,TRUE,FALSE,--,168
111c-4a,3,0011,suite,mixed ,5360,1750,FALSE,TRUE,FALSE,--,168
111c-4b,3,0011,suite,mixed ,5360,1750,FALSE,TRUE,FALSE,--,168
111d-3a,3,0011,suite,mixed ,5360,1750,FALSE,TRUE,FALSE,--,168
111d-3b,3,0011,suite,mixed ,5360,1750,FALSE,TRUE,FALSE,--,168
111d-4a,3,0011,suite,mixed ,5360,1250,TRUE,TRUE,FALSE,--,126
111d-4b,3,0011,suite,mixed ,5360,1250,TRUE,TRUE,FALSE,--,88
111d-4c,3,0011,suite,mixed ,5360,1250,TRUE,TRUE,FALSE,--,88
111d-4d,3,0011,suite,mixed ,5360,1250,TRUE,TRUE,FALSE,--,126
111d-4e,3,0011,suite,mixed ,5200,1250,TRUE,TRUE,FALSE,--,86
111e-2a,3,0011,suite,mixed ,5360,1750,FALSE,TRUE,FALSE,--,168
111e-2b,3,0011,suite,mixed ,5360,1750,FALSE,TRUE,FALSE,--,168
111f-1a,3,0011,suite,mixed ,5360,1750,FALSE,TRUE,FALSE,--,168
111f-1b,3,0011,suite,mixed ,5360,1750,FALSE,TRUE,FALSE,--,168
111f-2a,3,0011,suite,mixed ,5360,1750,FALSE,TRUE,FALSE,--,168
111f-2b,3,0011,suite,mixed ,5360,1750,FALSE,TRUE,FALSE,--,168
111g-1a,3,0011,suite,mixed ,5360,1750,FALSE,TRUE,FALSE,--,168
111g-1b,3,0011,suite,mixed ,5360,1750,FALSE,TRUE,FALSE,--,168
111a-7a,4,0011,suite,mixed ,5360,1250,TRUE,TRUE,FALSE,--,126
111a-7b,4,0011,suite,mixed ,5360,1250,TRUE,TRUE,FALSE,--,88
111a-7c,4,0011,suite,mixed ,5360,1250,TRUE,TRUE,FALSE,--,88
111a-7d,4,0011,suite,mixed ,5360,1250,TRUE,TRUE,FALSE,--,126
111a-7e,4,0011,suite,mixed ,5200,1250,TRUE,TRUE,FALSE,--,86
111b-5a,4,0011,suite,mixed ,5360,1750,FALSE,TRUE,FALSE,--,168
111b-5b,4,0011,suite,mixed ,5360,1750,FALSE,TRUE,FALSE,--,168
111c-6a,4,0011,suite,mixed ,5360,1750,FALSE,TRUE,FALSE,--,168
111c-6b,4,0011,suite,mixed ,5360,1750,FALSE,TRUE,FALSE,--,168
111c-5a,4,0011,suite,mixed ,5360,1750,FALSE,TRUE,FALSE,--,168
111c-5b,4,0011,suite,mixed ,5360,1750,FALSE,TRUE,FALSE,--,168
111d-6a,4,0011,suite,mixed ,5360,1750,FALSE,TRUE,FALSE,--,168
111d-6b,4,0011,suite,mixed ,5360,1750,FALSE,TRUE,FALSE,--,168
111e-3a,4,0011,suite,mixed ,5360,1250,TRUE,TRUE,FALSE,--,126
111e-3b,4,0011,suite,mixed ,5360,1250,TRUE,TRUE,FALSE,--,88
111e-3c,4,0011,suite,mixed ,5360,1250,TRUE,TRUE,FALSE,--,88
111e-3d,4,0011,suite,mixed ,5360,1250,TRUE,TRUE,FALSE,--,126
111e-3e,4,0011,suite,mixed ,5200,1250,TRUE,TRUE,FALSE,--,86
111e-4a,4,0011,suite,mixed ,5360,1750,FALSE,TRUE,FALSE,--,168
111e-4b,4,0011,suite,mixed ,5360,1750,FALSE,TRUE,FALSE,--,168
111f-3a,4,0011,suite,mixed ,5360,1750,FALSE,TRUE,FALSE,--,168
111f-3b,4,0011,suite,mixed ,5360,1750,FALSE,TRUE,FALSE,--,168
111f-4a,4,0011,suite,mixed ,5360,1750,FALSE,TRUE,FALSE,--,168
111f-4b,4,0011,suite,mixed ,5360,1750,FALSE,TRUE,FALSE,--,168
111g-3a,4,0011,suite,mixed ,5360,1750,FALSE,TRUE,FALSE,--,168
111g-3b,4,0011,suite,mixed ,5360,1750,FALSE,TRUE,FALSE,--,168
111g-4a,4,0011,suite,mixed ,5360,1200,TRUE,TRUE,FALSE,--,133
111g-4b,4,0011,suite,mixed ,5360,1200,TRUE,TRUE,FALSE,--,91
111g-4c,4,0011,suite,mixed ,5360,1200,TRUE,TRUE,FALSE,--,83
111b-7a,5,0011,suite,mixed ,5360,1750,FALSE,TRUE,FALSE,--,168
111b-7b,5,0011,suite,mixed ,5360,1750,FALSE,TRUE,FALSE,--,168
111c-7a,5,0011,suite,mixed ,5360,1750,FALSE,TRUE,FALSE,--,168
111c-7b,5,0011,suite,mixed ,5360,1750,FALSE,TRUE,FALSE,--,168
111c-8a,5,0011,suite,mixed ,5360,1750,FALSE,TRUE,FALSE,--,168
111c-8b,5,0011,suite,mixed ,5360,1750,FALSE,TRUE,FALSE,--,168
111d-7a,5,0011,suite,mixed ,5360,1750,FALSE,TRUE,FALSE,--,168
111d-7b,5,0011,suite,mixed ,5360,1750,FALSE,TRUE,FALSE,--,168
111d-8a,5,0011,suite,mixed ,5360,1750,TRUE,TRUE,FALSE,--,126
111d-8b,5,0011,suite,mixed ,5360,1750,TRUE,TRUE,FALSE,--,88
111e-6a,5,0011,suite,mixed ,5360,1750,TRUE,TRUE,FALSE,--,126
111e-6b,5,0011,suite,mixed ,5360,1750,TRUE,TRUE,FALSE,--,88
111e-5a,5,0011,suite,mixed ,5360,1750,FALSE,TRUE,FALSE,--,168
111e-5b,5,0011,suite,mixed ,5360,1750,FALSE,TRUE,FALSE,--,168
111f-6a,5,0011,suite,mixed ,5360,1750,FALSE,TRUE,FALSE,--,168
111f-6b,5,0011,suite,mixed ,5360,1750,FALSE,TRUE,FALSE,--,168
111f-5a,5,0011,suite,mixed ,5360,1750,FALSE,TRUE,FALSE,--,168
111f-5b,5,0011,suite,mixed ,5360,1750,FALSE,TRUE,FALSE,--,168
111g-7a,5,0011,suite,mixed ,5360,1750,FALSE,TRUE,FALSE,--,168
111g-7b,5,0011,suite,mixed ,5360,1750,FALSE,TRUE,FALSE,--,168
111g-5,5,0011,suite,mixed ,4420,1275,FALSE,TRUE,FALSE,--,318
111g-6,5,0011,suite,mixed ,4420,1275,FALSE,TRUE,FALSE,--,318
111e-7a,6,0011,suite,mixed ,5360,1750,FALSE,TRUE,FALSE,--,168
111e-7b,6,0011,suite,mixed ,5360,1750,FALSE,TRUE,FALSE,--,168
111f-7a,6,0011,suite,mixed ,5360,1750,FALSE,TRUE,FALSE,--,168
111f-7b,6,0011,suite,mixed ,5360,1750,FALSE,TRUE,FALSE,--,168
111f-8a,6,0011,suite,mixed ,5360,1750,FALSE,TRUE,FALSE,--,168
111f-8b,6,0011,suite,mixed ,5360,1750,FALSE,TRUE,FALSE,--,168
111g-8a,6,0011,suite,mixed ,5360,1750,FALSE,TRUE,FALSE,--,168
111g-8b,6,0011,suite,mixed ,5360,1750,FALSE,TRUE,FALSE,--,168
111g-9,6,0011,suite,mixed ,4420,1275,FALSE,TRUE,FALSE,--,318
111g-10,6,0011,suite,mixed ,4420,1275,FALSE,TRUE,FALSE,--,318
&,"Max and Ann Coffman, 150 Charles River Road",,,,,,,,,,
112a-2a,1,0011,suite,mixed ,5360,1250,TRUE,TRUE,FALSE,--,126
112a-2b,1,0011,suite,mixed ,5360,1250,TRUE,TRUE,FALSE,--,88
112a-2c,1,0011,suite,mixed ,5360,1250,TRUE,TRUE,FALSE,--,88
112a-2d,1,0011,suite,mixed ,5360,1250,TRUE,TRUE,FALSE,--,126
112a-2e,1,0011,suite,mixed ,5200,1250,TRUE,TRUE,FALSE,--,86
112b-2a,1,0011,suite,mixed ,5360,1750,FALSE,TRUE,FALSE,--,168
112b-2b,1,0011,suite,mixed ,5360,1750,FALSE,TRUE,FALSE,--,168
112c-1a,1,0011,suite,mixed ,5360,1750,FALSE,TRUE,FALSE,--,168
112c-1b,1,0011,suite,mixed ,5360,1750,FALSE,TRUE,FALSE,--,168
112a-3a,2,0011,suite,mixed ,5360,1750,TRUE,TRUE,FALSE,--,126
112a-3b,2,0011,suite,mixed ,5360,1750,TRUE,TRUE,FALSE,--,88
112b-3a,2,0011,suite,mixed ,5360,1750,TRUE,TRUE,FALSE,--,126
112b-3b,2,0011,suite,mixed ,5360,1750,TRUE,TRUE,FALSE,--,88
112b-4a,2,0011,suite,mixed ,5360,1750,FALSE,TRUE,FALSE,--,168
112b-4b,2,0011,suite,mixed ,5360,1750,FALSE,TRUE,FALSE,--,168
112c-3a,2,0011,suite,mixed ,5360,1750,FALSE,TRUE,FALSE,--,168
112c-3b,2,0011,suite,mixed ,5360,1750,FALSE,TRUE,FALSE,--,168
112c-4a,2,0011,suite,mixed ,5360,1250,TRUE,TRUE,FALSE,--,126
112c-4b,2,0011,suite,mixed ,5360,1250,TRUE,TRUE,FALSE,--,88
112c-4c,2,0011,suite,mixed ,5360,1250,TRUE,TRUE,FALSE,--,88
112c-4d,2,0011,suite,mixed ,5360,1250,TRUE,TRUE,FALSE,--,126
112c-4e,2,0011,suite,mixed ,5200,1250,TRUE,TRUE,FALSE,--,86
112d-2a,2,0011,suite,mixed ,5360,1750,FALSE,TRUE,FALSE,--,168
112d-2b,2,0011,suite,mixed ,5360,1750,FALSE,TRUE,FALSE,--,168
112e-1a,2,0011,suite,mixed ,5360,1750,FALSE,TRUE,FALSE,--,168
112e-1b,2,0011,suite,mixed ,5360,1750,FALSE,TRUE,FALSE,--,168
112a-4a,3,0011,suite,mixed ,5360,1250,TRUE,TRUE,FALSE,--,126
112a-4b,3,0011,suite,mixed ,5360,1250,TRUE,TRUE,FALSE,--,88
112a-4c,3,0011,suite,mixed ,5360,1250,TRUE,TRUE,FALSE,--,88
112a-4d,3,0011,suite,mixed ,5360,1250,TRUE,TRUE,FALSE,--,126
112a-4e,3,0011,suite,mixed ,5200,1250,TRUE,TRUE,FALSE,--,86
112b-5a,3,0011,suite,mixed ,5360,1750,FALSE,TRUE,FALSE,--,168
112b-5b,3,0011,suite,mixed ,5360,1750,FALSE,TRUE,FALSE,--,168
112c-6a,3,0011,suite,mixed ,5360,1750,FALSE,TRUE,FALSE,--,168
112c-6b,3,0011,suite,mixed ,5360,1750,FALSE,TRUE,FALSE,--,168
112d-3a,3,0011,suite,mixed ,5360,1250,TRUE,TRUE,FALSE,--,126
112d-3b,3,0011,suite,mixed ,5360,1250,TRUE,TRUE,FALSE,--,88
112d-3c,3,0011,suite,mixed ,5360,1250,TRUE,TRUE,FALSE,--,88
112d-3d,3,0011,suite,mixed ,5360,1250,TRUE,TRUE,FALSE,--,126
112d-3e,3,0011,suite,mixed ,5200,1250,TRUE,TRUE,FALSE,--,86
112d-4a,3,0011,suite,mixed ,5360,1750,FALSE,TRUE,FALSE,--,168
112d-4b,3,0011,suite,mixed ,5360,1750,FALSE,TRUE,FALSE,--,168
112e-3a,3,0011,suite,mixed ,5360,1750,FALSE,TRUE,FALSE,--,168
112e-3b,3,0011,suite,mixed ,5360,1750,FALSE,TRUE,FALSE,--,168
112e-4a,3,0011,suite,mixed ,5360,1200,TRUE,TRUE,FALSE,--,133
112e-4b,3,0011,suite,mixed ,5360,1200,TRUE,TRUE,FALSE,--,88
112e-4c,3,0011,suite,mixed ,5360,1200,TRUE,TRUE,FALSE,--,84
112c-7a,4,0011,suite,mixed ,5360,1250,TRUE,TRUE,FALSE,--,126
112c-7b,4,0011,suite,mixed ,5360,1250,TRUE,TRUE,FALSE,--,88
112c-7c,4,0011,suite,mixed ,5360,1250,TRUE,TRUE,FALSE,--,88
112c-7d,4,0011,suite,mixed ,5360,1250,TRUE,TRUE,FALSE,--,126
112c-7e,4,0011,suite,mixed ,5200,1250,TRUE,TRUE,FALSE,--,86
112d-5a,4,0011,suite,mixed ,5360,1750,FALSE,TRUE,FALSE,--,168
112d-5b,4,0011,suite,mixed ,5360,1750,FALSE,TRUE,FALSE,--,168
112e-6a,4,0011,suite,mixed ,5360,1750,FALSE,TRUE,FALSE,--,168
112e-6b,4,0011,suite,mixed ,5360,1750,FALSE,TRUE,FALSE,--,168
112e-5a,4,0011,suite,mixed ,5360,1200,TRUE,TRUE,FALSE,--,133
112e-5b,4,0011,suite,mixed ,5360,1200,TRUE,TRUE,FALSE,--,88
112e-5c,4,0011,suite,mixed ,5360,1200,TRUE,TRUE,FALSE,--,84
112d-7a,5,0011,suite,mixed ,5360,1750,FALSE,TRUE,FALSE,--,168
112d-7b,5,0011,suite,mixed ,5360,1750,FALSE,TRUE,FALSE,--,168
112e-7a,5,0011,suite,mixed ,5360,1750,FALSE,TRUE,FALSE,--,168
112e-7b,5,0011,suite,mixed ,5360,1750,FALSE,TRUE,FALSE,--,168
112b-8,5,0011,suite,mixed ,4420,1275,FALSE,TRUE,FALSE,--,318
112b-9,5,0011,suite,mixed ,4420,1275,FALSE,TRUE,FALSE,--,318
&,"Ollie A. Cohen, 164 Charles River Road",,,,,,,,,,
113a-2a,1,0011,suite,mixed ,5360,1200,TRUE,TRUE,FALSE,--,133
113a-2b,1,0011,suite,mixed ,5360,1200,TRUE,TRUE,FALSE,--,139
113a-2c,1,0011,suite,mixed ,5360,1200,TRUE,TRUE,FALSE,--,84
113a-1a,1,0011,suite,mixed ,5360,1750,FALSE,TRUE,FALSE,--,168
113a-1b,1,0011,suite,mixed ,5360,1750,FALSE,TRUE,FALSE,--,168
113b-2a,1,0011,suite,mixed ,5360,1750,FALSE,TRUE,FALSE,--,168
113b-2b,1,0011,suite,mixed ,5360,1750,FALSE,TRUE,FALSE,--,168
113a-4a,2,0011,suite,mixed ,5360,1200,TRUE,TRUE,FALSE,--,133
113a-4b,2,0011,suite,mixed ,5360,1200,TRUE,TRUE,FALSE,--,139
113a-4c,2,0011,suite,mixed ,5360,1200,TRUE,TRUE,FALSE,--,84
113a-3a,2,0011,suite,mixed ,5360,1750,FALSE,TRUE,FALSE,--,168
113a-3b,2,0011,suite,mixed ,5360,1750,FALSE,TRUE,FALSE,--,168
113b-4a,2,0011,suite,mixed ,5360,1750,FALSE,TRUE,FALSE,--,168
113b-4b,2,0011,suite,mixed ,5360,1750,FALSE,TRUE,FALSE,--,168
113c-2a,2,0011,suite,mixed ,5360,1250,TRUE,TRUE,FALSE,--,126
113c-2b,2,0011,suite,mixed ,5360,1250,TRUE,TRUE,FALSE,--,88
113c-2c,2,0011,suite,mixed ,5360,1250,TRUE,TRUE,FALSE,--,88
113c-2d,2,0011,suite,mixed ,5360,1250,TRUE,TRUE,FALSE,--,126
113c-2e,2,0011,suite,mixed ,5200,1250,TRUE,TRUE,FALSE,--,86
113c-1a,2,0011,suite,mixed ,5360,1750,FALSE,TRUE,FALSE,--,168
113c-1b,2,0011,suite,mixed ,5360,1750,FALSE,TRUE,FALSE,--,168
113d-1a,2,0011,suite,mixed ,5360,1750,FALSE,TRUE,FALSE,--,168
113d-1b,2,0011,suite,mixed ,5360,1750,FALSE,TRUE,FALSE,--,168
113a-5a,3,0011,suite,mixed ,5360,1200,TRUE,TRUE,FALSE,--,133
113a-5b,3,0011,suite,mixed ,5360,1200,TRUE,TRUE,FALSE,--,139
113a-5c,3,0011,suite,mixed ,5360,1200,TRUE,TRUE,FALSE,--,84
113a-6a,3,0011,suite,mixed ,5360,1750,FALSE,TRUE,FALSE,--,168
113a-6b,3,0011,suite,mixed ,5360,1750,FALSE,TRUE,FALSE,--,168
113b-5a,3,0011,suite,mixed ,5360,1750,FALSE,TRUE,FALSE,--,168
113b-5b,3,0011,suite,mixed ,5360,1750,FALSE,TRUE,FALSE,--,168
113b-6a,3,0011,suite,mixed ,5360,1250,TRUE,TRUE,FALSE,--,126
113b-6b,3,0011,suite,mixed ,5360,1250,TRUE,TRUE,FALSE,--,88
113b-6c,3,0011,suite,mixed ,5360,1250,TRUE,TRUE,FALSE,--,88
113b-6d,3,0011,suite,mixed ,5360,1250,TRUE,TRUE,FALSE,--,126
113b-6e,3,0011,suite,mixed ,5200,1250,TRUE,TRUE,FALSE,--,86
113c-3a,3,0011,suite,mixed ,5360,1750,FALSE,TRUE,FALSE,--,168
113c-3b,3,0011,suite,mixed ,5360,1750,FALSE,TRUE,FALSE,--,168
113d-3a,3,0011,suite,mixed ,5360,1750,FALSE,TRUE,FALSE,--,168
113d-3b,3,0011,suite,mixed ,5360,1750,FALSE,TRUE,FALSE,--,168
113e-2a,3,0011,suite,mixed ,5360,1250,TRUE,TRUE,FALSE,--,126
113e-2b,3,0011,suite,mixed ,5360,1250,TRUE,TRUE,FALSE,--,88
113e-2c,3,0011,suite,mixed ,5360,1250,TRUE,TRUE,FALSE,--,88
113e-2d,3,0011,suite,mixed ,5360,1250,TRUE,TRUE,FALSE,--,126
113e-2e,3,0011,suite,mixed ,5200,1250,TRUE,TRUE,FALSE,--,86
113a-7a,4,0011,suite,mixed ,5360,1750,FALSE,TRUE,FALSE,--,168
113a-7b,4,0011,suite,mixed ,5360,1750,FALSE,TRUE,FALSE,--,168
113b-8a,4,0011,suite,mixed ,5360,1750,FALSE,TRUE,FALSE,--,168
113b-8b,4,0011,suite,mixed ,5360,1750,FALSE,TRUE,FALSE,--,168
113b-7a,4,0011,suite,mixed ,5360,1750,TRUE,TRUE,FALSE,--,126
113b-7b,4,0011,suite,mixed ,5360,1750,TRUE,TRUE,FALSE,--,88
113c-5a,4,0011,suite,mixed ,5360,1750,TRUE,TRUE,FALSE,--,126
113c-5b,4,0011,suite,mixed ,5360,1750,TRUE,TRUE,FALSE,--,88
113c-6a,4,0011,suite,mixed ,5360,1750,FALSE,TRUE,FALSE,--,168
113c-6b,4,0011,suite,mixed ,5360,1750,FALSE,TRUE,FALSE,--,168
113d-4a,4,0011,suite,mixed ,5360,1750,FALSE,TRUE,FALSE,--,168
113d-4b,4,0011,suite,mixed ,5360,1750,FALSE,TRUE,FALSE,--,168
113d-5a,4,0011,suite,mixed ,5360,1250,TRUE,TRUE,FALSE,--,126
113d-5b,4,0011,suite,mixed ,5360,1250,TRUE,TRUE,FALSE,--,88
113d-5c,4,0011,suite,mixed ,5360,1250,TRUE,TRUE,FALSE,--,88
113d-5d,4,0011,suite,mixed ,5360,1250,TRUE,TRUE,FALSE,--,126
113d-5e,4,0011,suite,mixed ,5200,1250,TRUE,TRUE,FALSE,--,86
113e-3a,4,0011,suite,mixed ,5360,1200,TRUE,TRUE,FALSE,--,133
113e-3b,4,0011,suite,mixed ,5360,1200,TRUE,TRUE,FALSE,--,139
113e-3c,4,0011,suite,mixed ,5360,1200,TRUE,TRUE,FALSE,--,84
113b-9a,5,0011,suite,mixed ,5360,1750,TRUE,TRUE,FALSE,--,126
113b-9b,5,0011,suite,mixed ,5360,1750,TRUE,TRUE,FALSE,--,88
113c-8a,5,0011,suite,mixed ,5360,1750,TRUE,TRUE,FALSE,--,126
113c-8b,5,0011,suite,mixed ,5360,1750,TRUE,TRUE,FALSE,--,88
113c-7a,5,0011,suite,mixed ,5360,1750,FALSE,TRUE,FALSE,--,168
113c-7b,5,0011,suite,mixed ,5360,1750,FALSE,TRUE,FALSE,--,168
113d-7a,5,0011,suite,mixed ,5360,1750,FALSE,TRUE,FALSE,--,168
113d-7b,5,0011,suite,mixed ,5360,1750,FALSE,TRUE,FALSE,--,168
113e-5a,5,0011,suite,mixed ,5360,1250,TRUE,TRUE,FALSE,--,126
113e-5b,5,0011,suite,mixed ,5360,1250,TRUE,TRUE,FALSE,--,88
113e-5c,5,0011,suite,mixed ,5360,1250,TRUE,TRUE,FALSE,--,88
113e-5d,5,0011,suite,mixed ,5360,1250,TRUE,TRUE,FALSE,--,126
113e-5e,5,0011,suite,mixed ,5200,1250,TRUE,TRUE,FALSE,--,86
113e-6,5,0011,suite,mixed ,4420,1275,FALSE,TRUE,FALSE,--,318
113e-7,5,0011,suite,mixed ,4420,1275,FALSE,TRUE,FALSE,--,318
113d-8a,6,0011,suite,mixed ,5360,1250,TRUE,TRUE,FALSE,--,126
113d-8b,6,0011,suite,mixed ,5360,1250,TRUE,TRUE,FALSE,--,88
113d-8c,6,0011,suite,mixed ,5360,1250,TRUE,TRUE,FALSE,--,88
113d-8d,6,0011,suite,mixed ,5360,1250,TRUE,TRUE,FALSE,--,126
113d-8e,6,0011,suite,mixed ,5200,1250,TRUE,TRUE,FALSE,--,86
113e-8,6,0011,suite,mixed ,4420,1275,FALSE,TRUE,FALSE,--,318
113e-10,6,0011,suite,mixed ,4420,1275,FALSE,TRUE,FALSE,--,318
&,"George E. Lewis, 178 Charles River Road",,,,,,,,,,
114a-2a,1,0011,suite,mixed ,5360,1200,TRUE,TRUE,FALSE,--,133
114a-2b,1,0011,suite,mixed ,5360,1200,TRUE,TRUE,FALSE,--,139
114a-2c,1,0011,suite,mixed ,5360,1200,TRUE,TRUE,FALSE,--,84
114b-2a,1,0011,suite,mixed ,5360,1250,TRUE,TRUE,FALSE,--,126
114b-2b,1,0011,suite,mixed ,5360,1250,TRUE,TRUE,FALSE,--,88
114b-2c,1,0011,suite,mixed ,5360,1250,TRUE,TRUE,FALSE,--,88
114b-2d,1,0011,suite,mixed ,5360,1250,TRUE,TRUE,FALSE,--,126
114b-2e,1,0011,suite,mixed ,5200,1250,TRUE,TRUE,FALSE,--,86
114a-4a,2,0011,suite,mixed ,5360,1200,TRUE,TRUE,FALSE,--,133
114a-4b,2,0011,suite,mixed ,5360,1200,TRUE,TRUE,FALSE,--,139
114a-4c,2,0011,suite,mixed ,5360,1200,TRUE,TRUE,FALSE,--,84
114a-3a,2,0011,suite,mixed ,5360,1250,TRUE,TRUE,FALSE,--,126
114a-3b,2,0011,suite,mixed ,5360,1250,TRUE,TRUE,FALSE,--,88
114a-3c,2,0011,suite,mixed ,5360,1250,TRUE,TRUE,FALSE,--,88
114a-3d,2,0011,suite,mixed ,5360,1250,TRUE,TRUE,FALSE,--,126
114a-3e,2,0011,suite,mixed ,5200,1250,TRUE,TRUE,FALSE,--,86
114c-2a,2,0011,suite,mixed ,5360,1250,TRUE,TRUE,FALSE,--,126
114c-2b,2,0011,suite,mixed ,5360,1250,TRUE,TRUE,FALSE,--,88
114c-2c,2,0011,suite,mixed ,5360,1250,TRUE,TRUE,FALSE,--,88
114c-2d,2,0011,suite,mixed ,5360,1250,TRUE,TRUE,FALSE,--,126
114c-2e,2,0011,suite,mixed ,5200,1250,TRUE,TRUE,FALSE,--,86
114c-1a,2,0011,suite,mixed ,5360,1750,FALSE,TRUE,FALSE,--,168
114c-1b,2,0011,suite,mixed ,5360,1750,FALSE,TRUE,FALSE,--,168
114d-1a,2,0011,suite,mixed ,5360,1750,FALSE,TRUE,FALSE,--,168
114d-1b,2,0011,suite,mixed ,5360,1750,FALSE,TRUE,FALSE,--,168
114a-5a,3,0011,suite,mixed ,5360,1200,TRUE,TRUE,FALSE,--,133
114a-5b,3,0011,suite,mixed ,5360,1200,TRUE,TRUE,FALSE,--,139
114a-5c,3,0011,suite,mixed ,5360,1200,TRUE,TRUE,FALSE,--,84
114a-6a,3,0011,suite,mixed ,5360,1750,TRUE,TRUE,FALSE,--,126
114a-6b,3,0011,suite,mixed ,5360,1750,TRUE,TRUE,FALSE,--,88
114b-5a,3,0011,suite,mixed ,5360,1750,TRUE,TRUE,FALSE,--,126
114b-5b,3,0011,suite,mixed ,5360,1750,TRUE,TRUE,FALSE,--,88
114b-6a,3,0011,suite,mixed ,5360,1250,TRUE,TRUE,FALSE,--,126
114b-6b,3,0011,suite,mixed ,5360,1250,TRUE,TRUE,FALSE,--,88
114b-6c,3,0011,suite,mixed ,5360,1250,TRUE,TRUE,FALSE,--,88
114b-6d,3,0011,suite,mixed ,5360,1250,TRUE,TRUE,FALSE,--,126
114b-6e,3,0011,suite,mixed ,5200,1250,TRUE,TRUE,FALSE,--,86
114c-3a,3,0011,suite,mixed ,5360,1750,FALSE,TRUE,FALSE,--,168
114c-3b,3,0011,suite,mixed ,5360,1750,FALSE,TRUE,FALSE,--,168
114d-3a,3,0011,suite,mixed ,5360,1750,FALSE,TRUE,FALSE,--,168
114d-3b,3,0011,suite,mixed ,5360,1750,FALSE,TRUE,FALSE,--,168
114d-2a,3,0011,suite,mixed ,5360,1750,FALSE,TRUE,FALSE,--,168
114d-2b,3,0011,suite,mixed ,5360,1750,FALSE,TRUE,FALSE,--,168
114e-2a,3,0011,suite,mixed ,5360,1750,FALSE,TRUE,FALSE,--,168
114e-2b,3,0011,suite,mixed ,5360,1750,FALSE,TRUE,FALSE,--,168
114a-7a,4,0011,suite,mixed ,5360,1750,TRUE,TRUE,FALSE,--,126
114a-7b,4,0011,suite,mixed ,5360,1750,TRUE,TRUE,FALSE,--,88
114b-8a,4,0011,suite,mixed ,5360,1750,TRUE,TRUE,FALSE,--,126
114b-8b,4,0011,suite,mixed ,5360,1750,TRUE,TRUE,FALSE,--,88
114b-7a,4,0011,suite,mixed ,5360,1750,TRUE,TRUE,FALSE,--,126
114b-7b,4,0011,suite,mixed ,5360,1750,TRUE,TRUE,FALSE,--,88
114c-5a,4,0011,suite,mixed ,5360,1750,TRUE,TRUE,FALSE,--,126
114c-5b,4,0011,suite,mixed ,5360,1750,TRUE,TRUE,FALSE,--,88
114c-6a,4,0011,suite,mixed ,5360,1750,FALSE,TRUE,FALSE,--,168
114c-6b,4,0011,suite,mixed ,5360,1750,FALSE,TRUE,FALSE,--,168
114d-4a,4,0011,suite,mixed ,5360,1750,FALSE,TRUE,FALSE,--,168
114d-4b,4,0011,suite,mixed ,5360,1750,FALSE,TRUE,FALSE,--,168
114d-5a,4,0011,suite,mixed ,5360,1750,FALSE,TRUE,FALSE,--,168
114d-5b,4,0011,suite,mixed ,5360,1750,FALSE,TRUE,FALSE,--,168
114e-4a,4,0011,suite,mixed ,5360,1750,FALSE,TRUE,FALSE,--,168
114e-4b,4,0011,suite,mixed ,5360,1750,FALSE,TRUE,FALSE,--,168
114e-3a,4,0011,suite,mixed ,5360,1200,TRUE,TRUE,FALSE,--,133
114e-3b,4,0011,suite,mixed ,5360,1200,TRUE,TRUE,FALSE,--,139
114e-3c,4,0011,suite,mixed ,5360,1200,TRUE,TRUE,FALSE,--,84
114c-7a,5,0011,suite,mixed ,5360,1750,FALSE,TRUE,FALSE,--,168
114c-7b,5,0011,suite,mixed ,5360,1750,FALSE,TRUE,FALSE,--,168
114d-7a,5,0011,suite,mixed ,5360,1750,FALSE,TRUE,FALSE,--,168
114d-7b,5,0011,suite,mixed ,5360,1750,FALSE,TRUE,FALSE,--,168
114d-6a,5,0011,suite,mixed ,5360,1750,FALSE,TRUE,FALSE,--,168
114d-6b,5,0011,suite,mixed ,5360,1750,FALSE,TRUE,FALSE,--,168
114e-5a,5,0011,suite,mixed ,5360,1750,FALSE,TRUE,FALSE,--,168
114e-5b,5,0011,suite,mixed ,5360,1750,FALSE,TRUE,FALSE,--,168
114e-6,5,0011,suite,mixed ,4420,1275,FALSE,TRUE,FALSE,--,318
114e-7,5,0011,suite,mixed ,4420,1275,FALSE,TRUE,FALSE,--,318
114d-8a,6,0011,suite,mixed ,5360,1750,FALSE,TRUE,FALSE,--,168
114d-8b,6,0011,suite,mixed ,5360,1750,FALSE,TRUE,FALSE,--,168
114e-9a,6,0011,suite,mixed ,5360,1750,FALSE,TRUE,FALSE,--,168
114e-9b,6,0011,suite,mixed ,5360,1750,FALSE,TRUE,FALSE,--,168
114e-8,6,0011,suite,mixed ,4420,1275,FALSE,TRUE,FALSE,--,318
114e-10,6,0011,suite,mixed ,4420,1275,FALSE,TRUE,FALSE,--,318
&,Upper Mods,,,,,,,,,,
1A,1,0001,suite,mixed ,5500,1150,TRUE,TRUE,FALSE,--,96
1B,1,0001,suite,mixed ,5500,1150,TRUE,TRUE,FALSE,--,96
1C,1,0001,suite,mixed ,5500,1150,TRUE,TRUE,FALSE,--,95
1D,1,0001,suite,mixed ,5500,1150,TRUE,TRUE,FALSE,--,95
1E,1,0001,suite,mixed ,5500,1150,TRUE,TRUE,FALSE,--,94
1F,1,0001,suite,mixed ,5500,1150,TRUE,TRUE,FALSE,--,106
2A,1,0001,suite,mixed ,5500,1150,TRUE,TRUE,FALSE,--,96
2B,1,0001,suite,mixed ,5500,1150,TRUE,TRUE,FALSE,--,96
2C,1,0001,suite,mixed ,5500,1150,TRUE,TRUE,FALSE,--,95
2D,1,0001,suite,mixed ,5500,1150,TRUE,TRUE,FALSE,--,95
2E,1,0001,suite,mixed ,5500,1150,TRUE,TRUE,FALSE,--,94
2F,1,0001,suite,mixed ,5500,1150,TRUE,TRUE,FALSE,--,106
3A,1,0001,suite,mixed ,5500,1125,TRUE,TRUE,FALSE,--,96
3B,1,0001,suite,mixed ,5500,1125,TRUE,TRUE,FALSE,--,96
3C,1,0001,suite,mixed ,5500,1125,TRUE,TRUE,FALSE,--,95
3D,1,0001,suite,mixed ,5500,1125,TRUE,TRUE,FALSE,--,95
4A,1,0001,suite,mixed ,5500,1125,TRUE,TRUE,FALSE,--,95
4B,1,0001,suite,mixed ,5500,1125,TRUE,TRUE,FALSE,--,95
4C,1,0001,suite,mixed ,5500,1125,TRUE,TRUE,FALSE,--,95
4D,1,0001,suite,mixed ,5500,1125,TRUE,TRUE,FALSE,--,95
5A,1,0001,suite,mixed ,5500,1150,TRUE,TRUE,FALSE,--,96
5B,1,0001,suite,mixed ,5500,1150,TRUE,TRUE,FALSE,--,106
5C,1,0001,suite,mixed ,5500,1150,TRUE,TRUE,FALSE,--,95
5D,1,0001,suite,mixed ,5500,1150,TRUE,TRUE,FALSE,--,95
5E,1,0001,suite,mixed ,5500,1150,TRUE,TRUE,FALSE,--,131
5F,1,0001,suite,mixed ,5500,1150,TRUE,TRUE,FALSE,--,106
6A,1,0001,suite,mixed ,5500,1125,TRUE,TRUE,FALSE,--,96
6B,1,0001,suite,mixed ,5500,1125,TRUE,TRUE,FALSE,--,96
6C,1,0001,suite,mixed ,5500,1125,TRUE,TRUE,FALSE,--,95
6D,1,0001,suite,mixed ,5500,1125,TRUE,TRUE,FALSE,--,95
7A,1,0001,suite,mixed ,5500,1125,TRUE,TRUE,FALSE,--,96
7B,1,0001,suite,mixed ,5500,1125,TRUE,TRUE,FALSE,--,96
7C,1,0001,suite,mixed ,5500,1125,TRUE,TRUE,FALSE,--,95
7D,1,0001,suite,mixed ,5500,1125,TRUE,TRUE,FALSE,--,95
8A,1,0001,suite,mixed ,5500,1150,TRUE,TRUE,FALSE,--,96
8B,1,0001,suite,mixed ,5500,1150,TRUE,TRUE,FALSE,--,96
8C,1,0001,suite,mixed ,5500,1150,TRUE,TRUE,FALSE,--,95
8D,1,0001,suite,mixed ,5500,1150,TRUE,TRUE,FALSE,--,95
8E,1,0001,suite,mixed ,5500,1150,TRUE,TRUE,FALSE,--,94
8F,1,0001,suite,mixed ,5500,1150,TRUE,TRUE,FALSE,--,106
9A,1,0001,suite,mixed ,5500,1150,TRUE,TRUE,FALSE,--,96
9B,1,0001,suite,mixed ,5500,1150,TRUE,TRUE,FALSE,--,96
9C,1,0001,suite,mixed ,5500,1150,TRUE,TRUE,FALSE,--,95
9D,1,0001,suite,mixed ,5500,1150,TRUE,TRUE,FALSE,--,95
9E,1,0001,suite,mixed ,5500,1150,TRUE,TRUE,FALSE,--,94
9F,1,0001,suite,mixed ,5500,1150,TRUE,TRUE,FALSE,--,106
10A,1,0001,suite,mixed ,5500,1125,TRUE,TRUE,FALSE,--,96
10B,1,0001,suite,mixed ,5500,1125,TRUE,TRUE,FALSE,--,96
10C,1,0001,suite,mixed ,5500,1125,TRUE,TRUE,FALSE,--,95
10D,1,0001,suite,mixed ,5500,1125,TRUE,TRUE,FALSE,--,95
11A,1,0001,suite,mixed ,5500,1125,TRUE,TRUE,FALSE,--,96
11B,1,0001,suite,mixed ,5500,1125,TRUE,TRUE,FALSE,--,96
11C,1,0001,suite,mixed ,5500,1125,TRUE,TRUE,FALSE,--,95
11D,1,0001,suite,mixed ,5500,1125,TRUE,TRUE,FALSE,--,95
13A,1,0001,suite,mixed ,5500,1125,TRUE,TRUE,FALSE,--,96
13B,1,0001,suite,mixed ,5500,1125,TRUE,TRUE,FALSE,--,96
13C,1,0001,suite,mixed ,5500,1125,TRUE,TRUE,FALSE,--,95
13D,1,0001,suite,mixed ,5500,1125,TRUE,TRUE,FALSE,--,95
14A,1,0001,suite,mixed ,5500,1125,TRUE,TRUE,FALSE,--,95
14B,1,0001,suite,mixed ,5500,1125,TRUE,TRUE,FALSE,--,95
14C,1,0001,suite,mixed ,5500,1125,TRUE,TRUE,FALSE,--,95
14D,1,0001,suite,mixed ,5500,1125,TRUE,TRUE,FALSE,--,95
15A,1,0001,suite,mixed ,5500,1150,TRUE,TRUE,FALSE,--,96
15B,1,0001,suite,mixed ,5500,1150,TRUE,TRUE,FALSE,--,106
15C,1,0001,suite,mixed ,5500,1150,TRUE,TRUE,FALSE,--,95
15D,1,0001,suite,mixed ,5500,1150,TRUE,TRUE,FALSE,--,95
15E,1,0001,suite,mixed ,5500,1150,TRUE,TRUE,FALSE,--,131
15F,1,0001,suite,mixed ,5500,1150,TRUE,TRUE,FALSE,--,106
16A,1,0001,suite,mixed ,5500,1150,TRUE,TRUE,FALSE,--,96
16B,1,0001,suite,mixed ,5500,1150,TRUE,TRUE,FALSE,--,96
16C,1,0001,suite,mixed ,5500,1150,TRUE,TRUE,FALSE,--,95
16D,1,0001,suite,mixed ,5500,1150,TRUE,TRUE,FALSE,--,95
16E,1,0001,suite,mixed ,5500,1150,TRUE,TRUE,FALSE,--,94
16F,1,0001,suite,mixed ,5500,1150,TRUE,TRUE,FALSE,--,106
17A,1,0001,suite,mixed ,5500,1150,TRUE,TRUE,FALSE,--,96
17B,1,0001,suite,mixed ,5500,1150,TRUE,TRUE,FALSE,--,96
17C,1,0001,suite,mixed ,5500,1150,TRUE,TRUE,FALSE,--,95
17D,1,0001,suite,mixed ,5500,1150,TRUE,TRUE,FALSE,--,95
17E,1,0001,suite,mixed ,5500,1150,TRUE,TRUE,FALSE,--,94
17F,1,0001,suite,mixed ,5500,1150,TRUE,TRUE,FALSE,--,106
18A,1,0001,suite,mixed ,5500,1150,TRUE,TRUE,FALSE,--,96
18B,1,0001,suite,mixed ,5500,1150,TRUE,TRUE,FALSE,--,96
18C,1,0001,suite,mixed ,5500,1150,TRUE,TRUE,FALSE,--,95
18D,1,0001,suite,mixed ,5500,1150,TRUE,TRUE,FALSE,--,95
18E,1,0001,suite,mixed ,5500,1150,TRUE,TRUE,FALSE,--,94
18F,1,0001,suite,mixed ,5500,1150,TRUE,TRUE,FALSE,--,106
&,Lower Mods,,,,,,,,,,
19A,1,0001,suite,mixed ,5500,1150,TRUE,TRUE,FALSE,--,96
19B,1,0001,suite,mixed ,5500,1150,TRUE,TRUE,FALSE,--,96
19C,1,0001,suite,mixed ,5500,1150,TRUE,TRUE,FALSE,--,95
19D,1,0001,suite,mixed ,5500,1150,TRUE,TRUE,FALSE,--,95
19E,1,0001,suite,mixed ,5500,1150,TRUE,TRUE,FALSE,--,94
19F,1,0001,suite,mixed ,5500,1150,TRUE,TRUE,FALSE,--,106
20A,1,0001,suite,mixed ,5500,1150,TRUE,TRUE,FALSE,--,96
20B,1,0001,suite,mixed ,5500,1150,TRUE,TRUE,FALSE,--,96
20C,1,0001,suite,mixed ,5500,1150,TRUE,TRUE,FALSE,--,95
20D,1,0001,suite,mixed ,5500,1150,TRUE,TRUE,FALSE,--,95
20E,1,0001,suite,mixed ,5500,1150,TRUE,TRUE,FALSE,--,94
20F,1,0001,suite,mixed ,5500,1150,TRUE,TRUE,FALSE,--,106
21A,1,0001,suite,mixed ,5500,1125,TRUE,TRUE,FALSE,--,96
21B,1,0001,suite,mixed ,5500,1125,TRUE,TRUE,FALSE,--,96
21C,1,0001,suite,mixed ,5500,1125,TRUE,TRUE,FALSE,--,95
21D,1,0001,suite,mixed ,5500,1125,TRUE,TRUE,FALSE,--,95
22A,1,0001,suite,mixed ,5500,1125,TRUE,TRUE,FALSE,--,95
22B,1,0001,suite,mixed ,5500,1125,TRUE,TRUE,FALSE,--,95
22C,1,0001,suite,mixed ,5500,1125,TRUE,TRUE,FALSE,--,95
22D,1,0001,suite,mixed ,5500,1125,TRUE,TRUE,FALSE,--,95
23A,1,0001,suite,mixed ,5500,1150,TRUE,TRUE,FALSE,--,96
23B,1,0001,suite,mixed ,5500,1150,TRUE,TRUE,FALSE,--,106
23C,1,0001,suite,mixed ,5500,1150,TRUE,TRUE,FALSE,--,95
23D,1,0001,suite,mixed ,5500,1150,TRUE,TRUE,FALSE,--,95
23E,1,0001,suite,mixed ,5500,1150,TRUE,TRUE,FALSE,--,131
23F,1,0001,suite,mixed ,5500,1150,TRUE,TRUE,FALSE,--,106
24A,1,0001,suite,mixed ,5500,1125,TRUE,TRUE,FALSE,--,96
24B,1,0001,suite,mixed ,5500,1125,TRUE,TRUE,FALSE,--,96
24C,1,0001,suite,mixed ,5500,1125,TRUE,TRUE,FALSE,--,95
24D,1,0001,suite,mixed ,5500,1125,TRUE,TRUE,FALSE,--,95
25A,1,0001,suite,mixed ,5500,1125,TRUE,TRUE,FALSE,--,96
25B,1,0001,suite,mixed ,5500,1125,TRUE,TRUE,FALSE,--,96
25C,1,0001,suite,mixed ,5500,1125,TRUE,TRUE,FALSE,--,95
25D,1,0001,suite,mixed ,5500,1125,TRUE,TRUE,FALSE,--,95
26A,1,0001,suite,mixed ,5500,1125,TRUE,TRUE,FALSE,--,96
26B,1,0001,suite,mixed ,5500,1125,TRUE,TRUE,FALSE,--,96
26C,1,0001,suite,mixed ,5500,1125,TRUE,TRUE,FALSE,--,95
26D,1,0001,suite,mixed ,5500,1125,TRUE,TRUE,FALSE,--,95
27A,1,0001,suite,mixed ,5500,1150,TRUE,TRUE,FALSE,--,96
27B,1,0001,suite,mixed ,5500,1150,TRUE,TRUE,FALSE,--,96
27C,1,0001,suite,mixed ,5500,1150,TRUE,TRUE,FALSE,--,95
27D,1,0001,suite,mixed ,5500,1150,TRUE,TRUE,FALSE,--,95
27E,1,0001,suite,mixed ,5500,1150,TRUE,TRUE,FALSE,--,94
27F,1,0001,suite,mixed ,5500,1150,TRUE,TRUE,FALSE,--,106
28A,1,0001,suite,mixed ,5500,1150,TRUE,TRUE,FALSE,--,96
28B,1,0001,suite,mixed ,5500,1150,TRUE,TRUE,FALSE,--,96
28C,1,0001,suite,mixed ,5500,1150,TRUE,TRUE,FALSE,--,95
28D,1,0001,suite,mixed ,5500,1150,TRUE,TRUE,FALSE,--,95
28E,1,0001,suite,mixed ,5500,1150,TRUE,TRUE,FALSE,--,94
28F,1,0001,suite,mixed ,5500,1150,TRUE,TRUE,FALSE,--,106
29A,1,0001,suite,mixed ,5500,1150,TRUE,TRUE,FALSE,--,96
29B,1,0001,suite,mixed ,5500,1150,TRUE,TRUE,FALSE,--,96
29C,1,0001,suite,mixed ,5500,1150,TRUE,TRUE,FALSE,--,95
29D,1,0001,suite,mixed ,5500,1150,TRUE,TRUE,FALSE,--,95
29E,1,0001,suite,mixed ,5500,1150,TRUE,TRUE,FALSE,--,94
29F,1,0001,suite,mixed ,5500,1150,TRUE,TRUE,FALSE,--,106
30A,1,0001,suite,mixed ,5500,1150,TRUE,TRUE,FALSE,--,96
30B,1,0001,suite,mixed ,5500,1150,TRUE,TRUE,FALSE,--,96
30C,1,0001,suite,mixed ,5500,1150,TRUE,TRUE,FALSE,--,95
30D,1,0001,suite,mixed ,5500,1150,TRUE,TRUE,FALSE,--,95
30E,1,0001,suite,mixed ,5500,1150,TRUE,TRUE,FALSE,--,94
30F,1,0001,suite,mixed ,5500,1150,TRUE,TRUE,FALSE,--,106
31A,1,0001,suite,mixed ,5500,1150,TRUE,TRUE,FALSE,--,96
31B,1,0001,suite,mixed ,5500,1150,TRUE,TRUE,FALSE,--,96
31C,1,0001,suite,mixed ,5500,1150,TRUE,TRUE,FALSE,--,95
31D,1,0001,suite,mixed ,5500,1150,TRUE,TRUE,FALSE,--,95
31E,1,0001,suite,mixed ,5500,1150,TRUE,TRUE,FALSE,--,94
31F,1,0001,suite,mixed ,5500,1150,TRUE,TRUE,FALSE,--,106
32A,1,0001,suite,mixed ,5500,1125,TRUE,TRUE,FALSE,--,95
32B,1,0001,suite,mixed ,5500,1125,TRUE,TRUE,FALSE,--,95
32C,1,0001,suite,mixed ,5500,1125,TRUE,TRUE,FALSE,--,95
32D,1,0001,suite,mixed ,5500,1125,TRUE,TRUE,FALSE,--,95
33A,1,0001,suite,mixed ,5500,1150,TRUE,TRUE,FALSE,--,96
33B,1,0001,suite,mixed ,5500,1150,TRUE,TRUE,FALSE,--,106
33C,1,0001,suite,mixed ,5500,1150,TRUE,TRUE,FALSE,--,95
33D,1,0001,suite,mixed ,5500,1150,TRUE,TRUE,FALSE,--,95
33E,1,0001,suite,mixed ,5500,1150,TRUE,TRUE,FALSE,--,131
33F,1,0001,suite,mixed ,5500,1150,TRUE,TRUE,FALSE,--,106
34A,1,0001,suite,mixed ,5500,1150,TRUE,TRUE,FALSE,--,96
34B,1,0001,suite,mixed ,5500,1150,TRUE,TRUE,FALSE,--,96
34C,1,0001,suite,mixed ,5500,1150,TRUE,TRUE,FALSE,--,95
34D,1,0001,suite,mixed ,5500,1150,TRUE,TRUE,FALSE,--,95
34E,1,0001,suite,mixed ,5500,1150,TRUE,TRUE,FALSE,--,94
34F,1,0001,suite,mixed ,5500,1150,TRUE,TRUE,FALSE,--,106
35A,1,0001,suite,mixed ,5500,1150,TRUE,TRUE,FALSE,--,96
35B,1,0001,suite,mixed ,5500,1150,TRUE,TRUE,FALSE,--,96
35C,1,0001,suite,mixed ,5500,1150,TRUE,TRUE,FALSE,--,95
35D,1,0001,suite,mixed ,5500,1150,TRUE,TRUE,FALSE,--,95
35E,1,0001,suite,mixed ,5500,1150,TRUE,TRUE,FALSE,--,94
35F,1,0001,suite,mixed ,5500,1150,TRUE,TRUE,FALSE,--,106
36A,1,0001,suite,mixed ,5500,1150,TRUE,TRUE,FALSE,--,96
36B,1,0001,suite,mixed ,5500,1150,TRUE,TRUE,FALSE,--,96
36C,1,0001,suite,mixed ,5500,1150,TRUE,TRUE,FALSE,--,95
36D,1,0001,suite,mixed ,5500,1150,TRUE,TRUE,FALSE,--,95
36E,1,0001,suite,mixed ,5500,1150,TRUE,TRUE,FALSE,--,94
36F,1,0001,suite,mixed ,5500,1150,TRUE,TRUE,FALSE,--,106
&,Hassenfeld,,,,,,,,,,
0217,2,0100,double,male,4030,800,FALSE,TRUE,FALSE,--,194
0219,2,0100,double,male,4030,800,FALSE,TRUE,FALSE,--,194
0221,2,0100,double,male,4030,800,FALSE,TRUE,FALSE,--,194
0223,2,0100,double,male,4030,800,FALSE,TRUE,FALSE,--,194
0225,2,0100,double,male,4030,800,FALSE,TRUE,FALSE,--,231
0233,2,0100,single,male,4420,500,FALSE,TRUE,FALSE,--,111
0235,2,0100,double,male,4030,800,FALSE,TRUE,FALSE,--,202
0237,2,0100,double,male,4030,800,FALSE,TRUE,FALSE,--,202
0239,2,0100,double,male,4030,800,FALSE,TRUE,FALSE,--,202
0241,2,0100,double,male,4030,800,FALSE,TRUE,FALSE,--,202
0243,2,0100,single,male,4420,500,FALSE,TRUE,FALSE,--,140
0245,2,0100,single,male,4420,500,FALSE,TRUE,FALSE,--,136
0247,2,0100,double,male,4030,800,FALSE,TRUE,FALSE,--,205
0323,3,0100,single,female,4420,500,FALSE,TRUE,FALSE,--,104
0324,3,0100,single,female,4420,500,FALSE,TRUE,FALSE,--,101
0325,3,0100,single,female,4420,500,FALSE,TRUE,FALSE,--,104
0326,3,0100,single,female,4420,500,FALSE,TRUE,FALSE,--,101
0327,3,0100,single,female,4420,500,FALSE,TRUE,FALSE,--,104
0328,3,0100,single,female,4420,500,FALSE,TRUE,FALSE,--,101
0329,3,0100,single,female,4420,500,FALSE,TRUE,FALSE,--,104
0330,3,0100,single,female,4420,500,FALSE,TRUE,FALSE,--,101
0331,3,0100,single,female,4420,500,FALSE,TRUE,FALSE,--,104
0332,3,0100,single,female,4420,500,FALSE,TRUE,FALSE,--,101
0333,3,0100,single,female,4420,500,FALSE,TRUE,FALSE,--,104
0334,3,0100,single,female,4420,500,FALSE,TRUE,FALSE,--,101
0336,3,0100,double,female,4030,800,FALSE,TRUE,FALSE,--,202
0337,3,0100,double,female,4030,800,FALSE,TRUE,FALSE,--,202
0338,3,0100,double,female,4030,800,FALSE,TRUE,FALSE,--,202
0339,3,0100,double,female,4030,800,FALSE,TRUE,FALSE,--,202
0340,3,0100,double,female,4030,800,FALSE,TRUE,FALSE,--,202
0341,3,0100,double,female,4030,800,FALSE,TRUE,FALSE,--,202
0342,3,0100,double,female,4030,800,FALSE,TRUE,FALSE,--,202
0343,3,0100,double,female,4030,800,FALSE,TRUE,FALSE,--,202
0344,3,0100,double,female,4030,800,FALSE,TRUE,FALSE,--,232
0427,4,0100,double,mixed,4030,800,FALSE,TRUE,FALSE,--,202
0428,4,0100,double,mixed,4030,800,FALSE,TRUE,FALSE,--,202
0429,4,0100,single,mixed,4420,500,FALSE,TRUE,FALSE,--,111
0430,4,0100,single,mixed,4420,500,FALSE,TRUE,FALSE,--,135
0431,4,0100,single,mixed,4420,500,FALSE,TRUE,FALSE,--,111
0435,4,0100,single,mixed,4420,500,FALSE,TRUE,FALSE,--,111
0437,4,0100,single,mixed,4420,500,FALSE,TRUE,FALSE,--,111
0432,4,0100,double,mixed,4030,800,FALSE,TRUE,FALSE,--,200
0434,4,0100,double,mixed,4030,800,FALSE,TRUE,FALSE,--,200
0436,4,0100,double,mixed,4030,800,FALSE,TRUE,FALSE,--,200
0438,4,0100,double,mixed,4030,800,FALSE,TRUE,FALSE,--,200
0439,4,0100,double,mixed,4030,800,FALSE,TRUE,FALSE,--,200
0441,4,0100,double,mixed,4030,800,FALSE,TRUE,FALSE,--,200
0443,4,0100,double,mixed,4030,800,FALSE,TRUE,FALSE,--,200
0445,4,0100,double,mixed,4030,800,FALSE,TRUE,FALSE,--,200
0440,4,0100,single,mixed,4420,500,FALSE,TRUE,FALSE,--,136
0447,4,0100,single,mixed,4420,500,FALSE,TRUE,FALSE,--,111
0449,4,0100,single,mixed,4420,500,FALSE,TRUE,FALSE,--,111
0442,4,0100,single,mixed,4420,500,FALSE,TRUE,FALSE,--,147
0453,4,0100,single,mixed,4420,500,FALSE,TRUE,FALSE,--,111
0455,4,0100,single,mixed,4420,500,FALSE,TRUE,FALSE,--,111
0444,4,0100,double,mixed,4030,800,FALSE,TRUE,FALSE,--,200
0446,4,0100,double,mixed,4030,800,FALSE,TRUE,FALSE,--,200
0448,4,0100,double,mixed,4030,800,FALSE,TRUE,FALSE,--,200
0450,4,0100,double,mixed,4030,800,FALSE,TRUE,FALSE,--,200
0457,4,0100,double,mixed,4030,800,FALSE,TRUE,FALSE,--,200
0459,4,0100,double,mixed,4030,800,FALSE,TRUE,FALSE,--,200
0461,4,0100,double,mixed,4030,800,FALSE,TRUE,FALSE,--,200
0463,4,0100,double,mixed,4030,800,FALSE,TRUE,FALSE,--,200
0452,4,0100,single,mixed,4420,500,FALSE,TRUE,FALSE,--,111
0454,4,0100,single,mixed,4420,500,FALSE,TRUE,FALSE,--,111
0458,4,0100,single,mixed,4420,500,FALSE,TRUE,FALSE,--,111
0460,4,0100,single,mixed,4420,500,FALSE,TRUE,FALSE,--,111
0462,4,0100,double,mixed,4030,800,FALSE,TRUE,FALSE,--,200
0465,4,0100,single,mixed,4420,500,FALSE,TRUE,FALSE,--,135
0467,4,0100,double,mixed,4030,800,FALSE,TRUE,FALSE,--,200
0527,5,0100,double,mixed,4030,800,FALSE,TRUE,FALSE,--,202
0528,5,0100,double,mixed,4030,800,FALSE,TRUE,FALSE,--,202
0529,5,0100,single,mixed,4420,500,FALSE,TRUE,FALSE,--,111
0530,5,0100,single,mixed,4420,500,FALSE,TRUE,FALSE,--,135
0531,5,0100,single,mixed,4420,500,FALSE,TRUE,FALSE,--,111
0535,5,0100,single,mixed,4420,500,FALSE,TRUE,FALSE,--,111
0537,5,0100,single,mixed,4420,500,FALSE,TRUE,FALSE,--,111
0532,5,0100,double,mixed,4030,800,FALSE,TRUE,FALSE,--,200
0534,5,0100,double,mixed,4030,800,FALSE,TRUE,FALSE,--,200
0536,5,0100,double,mixed,4030,800,FALSE,TRUE,FALSE,--,200
0538,5,0100,double,mixed,4030,800,FALSE,TRUE,FALSE,--,200
0539,5,0100,double,mixed,4030,800,FALSE,TRUE,FALSE,--,200
0541,5,0100,double,mixed,4030,800,FALSE,TRUE,FALSE,--,200
0543,5,0100,double,mixed,4030,800,FALSE,TRUE,FALSE,--,200
0545,5,0100,double,mixed,4030,800,FALSE,TRUE,FALSE,--,200
0540,5,0100,single,mixed,4420,500,FALSE,TRUE,FALSE,--,136
0547,5,0100,single,mixed,4420,500,FALSE,TRUE,FALSE,--,111
0549,5,0100,single,mixed,4420,500,FALSE,TRUE,FALSE,--,111
0542,5,0100,single,mixed,4420,500,FALSE,TRUE,FALSE,--,147
0553,5,0100,single,mixed,4420,500,FALSE,TRUE,FALSE,--,111
0555,5,0100,single,mixed,4420,500,FALSE,TRUE,FALSE,--,111
0544,5,0100,double,mixed,4030,800,FALSE,TRUE,FALSE,--,200
0546,5,0100,double,mixed,4030,800,FALSE,TRUE,FALSE,--,200
0548,5,0100,double,mixed,4030,800,FALSE,TRUE,FALSE,--,200
0550,5,0100,double,mixed,4030,800,FALSE,TRUE,FALSE,--,200
0557,5,0100,double,mixed,4030,800,FALSE,TRUE,FALSE,--,200
0559,5,0100,double,mixed,4030,800,FALSE,TRUE,FALSE,--,200
0561,5,0100,double,mixed,4030,800,FALSE,TRUE,FALSE,--,200
0563,5,0100,double,mixed,4030,800,FALSE,TRUE,FALSE,--,200
0552,5,0100,single,mixed,4420,500,FALSE,TRUE,FALSE,--,111
0554,5,0100,single,mixed,4420,500,FALSE,TRUE,FALSE,--,111
0558,5,0100,single,mixed,4420,500,FALSE,TRUE,FALSE,--,111
0560,5,0100,single,mixed,4420,500,FALSE,TRUE,FALSE,--,111
0562,5,0100,double,mixed,4030,800,FALSE,TRUE,FALSE,--,200
0565,5,0100,single,mixed,4420,500,FALSE,TRUE,FALSE,--,135
0567,5,0100,double,mixed,4030,800,FALSE,TRUE,FALSE,--,200
0627,6,0100,double,mixed,4030,800,FALSE,TRUE,FALSE,--,202
0628,6,0100,double,mixed,4030,800,FALSE,TRUE,FALSE,--,202
0629,6,0100,single,mixed,4420,500,FALSE,TRUE,FALSE,--,111
0630,6,0100,single,mixed,4420,500,FALSE,TRUE,FALSE,--,135
0631,6,0100,single,mixed,4420,500,FALSE,TRUE,FALSE,--,111
0635,6,0100,single,mixed,4420,500,FALSE,TRUE,FALSE,--,111
0637,6,0100,single,mixed,4420,500,FALSE,TRUE,FALSE,--,111
0632,6,0100,double,mixed,4030,800,FALSE,TRUE,FALSE,--,200
0634,6,0100,double,mixed,4030,800,FALSE,TRUE,FALSE,--,200
0636,6,0100,double,mixed,4030,800,FALSE,TRUE,FALSE,--,200
0638,6,0100,double,mixed,4030,800,FALSE,TRUE,FALSE,--,200
0639,6,0100,double,mixed,4030,800,FALSE,TRUE,FALSE,--,200
0641,6,0100,double,mixed,4030,800,FALSE,TRUE,FALSE,--,200
0643,6,0100,double,mixed,4030,800,FALSE,TRUE,FALSE,--,200
0645,6,0100,double,mixed,4030,800,FALSE,TRUE,FALSE,--,200
0640,6,0100,single,mixed,4420,500,FALSE,TRUE,FALSE,--,136
0647,6,0100,single,mixed,4420,500,FALSE,TRUE,FALSE,--,111
0649,6,0100,single,mixed,4420,500,FALSE,TRUE,FALSE,--,111
0642,6,0100,single,mixed,4420,500,FALSE,TRUE,FALSE,--,147
0653,6,0100,single,mixed,4420,500,FALSE,TRUE,FALSE,--,111
0655,6,0100,single,mixed,4420,500,FALSE,TRUE,FALSE,--,111
0644,6,0100,double,mixed,4030,800,FALSE,TRUE,FALSE,--,200
0646,6,0100,double,mixed,4030,800,FALSE,TRUE,FALSE,--,200
0648,6,0100,double,mixed,4030,800,FALSE,TRUE,FALSE,--,200
0650,6,0100,double,mixed,4030,800,FALSE,TRUE,FALSE,--,200
0657,6,0100,double,mixed,4030,800,FALSE,TRUE,FALSE,--,200
0659,6,0100,double,mixed,4030,800,FALSE,TRUE,FALSE,--,200
0661,6,0100,double,mixed,4030,800,FALSE,TRUE,FALSE,--,200
0663,6,0100,double,mixed,4030,800,FALSE,TRUE,FALSE,--,200
0652,6,0100,single,mixed,4420,500,FALSE,TRUE,FALSE,--,111
0654,6,0100,single,mixed,4420,500,FALSE,TRUE,FALSE,--,111
0658,6,0100,single,mixed,4420,500,FALSE,TRUE,FALSE,--,111
0660,6,0100,single,mixed,4420,500,FALSE,TRUE,FALSE,--,111
0662,6,0100,double,mixed,4030,800,FALSE,TRUE,FALSE,--,200
0665,6,0100,single,mixed,4420,500,FALSE,TRUE,FALSE,--,135
0667,6,0100,double,mixed,4030,800,FALSE,TRUE,FALSE,--,200
&,Pomerantz,,,,,,,,,,
0101,1,0100,triple,male,4030,670,FALSE,TRUE,FALSE,--,297
0103,1,0100,single,male,4420,500,FALSE,TRUE,FALSE,--,135
0105,1,0100,single,male,4420,500,FALSE,TRUE,FALSE,--,135
0107,1,0100,double,male,4030,800,FALSE,TRUE,FALSE,--,200
0109,1,0100,double,male,4030,800,FALSE,TRUE,FALSE,--,200
0111,1,0100,double,male,4030,800,FALSE,TRUE,FALSE,--,200
0113,1,0100,double,male,4030,800,FALSE,TRUE,FALSE,--,200
0115,1,0100,single,male,4420,500,FALSE,TRUE,FALSE,--,118
0117,1,0100,single,male,4420,500,FALSE,TRUE,FALSE,--,118
0202,2,0100,double,female,4030,800,FALSE,TRUE,FALSE,--,200
0203,2,0100,double,female,4030,800,FALSE,TRUE,FALSE,--,200
0204,2,0100,double,female,4030,800,FALSE,TRUE,FALSE,--,200
0205,2,0100,double,female,4030,800,FALSE,TRUE,FALSE,--,200
0206,2,0100,double,female,4030,800,FALSE,TRUE,FALSE,--,200
0207,2,0100,double,female,4030,800,FALSE,TRUE,FALSE,--,200
0208,2,0100,double,female,4030,800,FALSE,TRUE,FALSE,--,200
0209,2,0100,double,female,4030,800,FALSE,TRUE,FALSE,--,200
0210,2,0100,single,female,4420,500,FALSE,TRUE,FALSE,--,141
0212,2,0100,single,female,4420,500,FALSE,TRUE,FALSE,--,134
0215,2,0100,single,female,4030,800,FALSE,TRUE,FALSE,--,228
0213,2,0100,double,female,4030,800,FALSE,TRUE,FALSE,--,210
0301,3,0100,double,female,4030,800,FALSE,TRUE,FALSE,--,206
0302,3,0100,double,female,4030,800,FALSE,TRUE,FALSE,--,206
0303,3,0100,single,female,4030,800,FALSE,TRUE,FALSE,--,135
0304,3,0100,single,female,4420,500,FALSE,TRUE,FALSE,--,111
0305,3,0100,double,female,4030,800,FALSE,TRUE,FALSE,--,200
0306,3,0100,single,female,4420,500,FALSE,TRUE,FALSE,--,111
0307,3,0100,double,female,4030,800,FALSE,TRUE,FALSE,--,200
0309,3,0100,double,female,4030,800,FALSE,TRUE,FALSE,--,200
0310,3,0100,single,female,4420,500,FALSE,TRUE,FALSE,--,111
0311,3,0100,double,female,4030,800,FALSE,TRUE,FALSE,--,200
0312,3,0100,single,female,4420,500,FALSE,TRUE,FALSE,--,111
0313,3,0100,single,female,4420,500,FALSE,TRUE,FALSE,--,118
0314,3,0100,double,female,4030,800,FALSE,TRUE,FALSE,--,200
0315,3,0100,single,female,4420,500,FALSE,TRUE,FALSE,--,118
0316,3,0100,double,female,4030,800,FALSE,TRUE,FALSE,--,200
0318,3,0100,double,female,4030,800,FALSE,TRUE,FALSE,--,200
0320,3,0100,double,female,4030,800,FALSE,TRUE,FALSE,--,200
0322,3,0100,single,female,4420,500,FALSE,TRUE,FALSE,--,141
0401,4,0100,double,mixed,4030,800,FALSE,TRUE,FALSE,--,206
0402,4,0100,double,mixed,4030,800,FALSE,TRUE,FALSE,--,206
0403,4,0100,single,mixed,4030,800,FALSE,TRUE,FALSE,--,135
0404,4,0100,single,mixed,4420,500,FALSE,TRUE,FALSE,--,111
0405,4,0100,double,mixed,4030,800,FALSE,TRUE,FALSE,--,200
0406,4,0100,single,mixed,4420,500,FALSE,TRUE,FALSE,--,111
0407,4,0100,double,mixed,4030,800,FALSE,TRUE,FALSE,--,200
0409,4,0100,double,mixed,4030,800,FALSE,TRUE,FALSE,--,200
0410,4,0100,single,mixed,4420,500,FALSE,TRUE,FALSE,--,118
0411,4,0100,double,mixed,4030,800,FALSE,TRUE,FALSE,--,200
0412,4,0100,single,mixed,4420,500,FALSE,TRUE,FALSE,--,118
0413,4,0100,single,mixed,4420,500,FALSE,TRUE,FALSE,--,118
0414,4,0100,double,mixed,4030,800,FALSE,TRUE,FALSE,--,200
0415,4,0100,single,mixed,4420,500,FALSE,TRUE,FALSE,--,118
0416,4,0100,double,mixed,4030,800,FALSE,TRUE,FALSE,--,200
0418,4,0100,double,mixed,4030,800,FALSE,TRUE,FALSE,--,200
0420,4,0100,double,mixed,4030,800,FALSE,TRUE,FALSE,--,200
0422,4,0100,single,mixed,4420,500,FALSE,TRUE,FALSE,--,141
0419,4,0100,single,mixed,4420,500,FALSE,TRUE,FALSE,--,111
0421,4,0100,single,mixed,4420,500,FALSE,TRUE,FALSE,--,111
0423,4,0100,double,mixed,4030,800,FALSE,TRUE,FALSE,--,206
0424,4,0100,single,mixed,4420,500,FALSE,TRUE,FALSE,--,113
0426,4,0100,double,mixed,4030,800,FALSE,TRUE,FALSE,--,206
0501,5,0100,double,mixed,4030,800,FALSE,TRUE,FALSE,--,206
0502,5,0100,double,mixed,4030,800,FALSE,TRUE,FALSE,--,206
0503,5,0100,single,mixed,4030,800,FALSE,TRUE,FALSE,--,135
0504,5,0100,single,mixed,4420,500,FALSE,TRUE,FALSE,--,111
0505,5,0100,double,mixed,4030,800,FALSE,TRUE,FALSE,--,200
0506,5,0100,single,mixed,4420,500,FALSE,TRUE,FALSE,--,111
0507,5,0100,double,mixed,4030,800,FALSE,TRUE,FALSE,--,200
0509,5,0100,double,mixed,4030,800,FALSE,TRUE,FALSE,--,200
0510,5,0100,single,mixed,4420,500,FALSE,TRUE,FALSE,--,111
0511,5,0100,double,mixed,4030,800,FALSE,TRUE,FALSE,--,200
0512,5,0100,single,mixed,4420,500,FALSE,TRUE,FALSE,--,111
0513,5,0100,single,mixed,4420,500,FALSE,TRUE,FALSE,--,118
0514,5,0100,double,mixed,4030,800,FALSE,TRUE,FALSE,--,200
0515,5,0100,single,mixed,4420,500,FALSE,TRUE,FALSE,--,118
0516,5,0100,double,mixed,4030,800,FALSE,TRUE,FALSE,--,200
0518,5,0100,double,mixed,4030,800,FALSE,TRUE,FALSE,--,200
0520,5,0100,double,mixed,4030,800,FALSE,TRUE,FALSE,--,200
0522,5,0100,single,mixed,4420,500,FALSE,TRUE,FALSE,--,134
0519,5,0100,single,mixed,4420,500,FALSE,TRUE,FALSE,--,111
0521,5,0100,single,mixed,4420,500,FALSE,TRUE,FALSE,--,111
0523,5,0100,double,mixed,4030,800,FALSE,TRUE,FALSE,--,206
0524,5,0100,single,mixed,4420,500,FALSE,TRUE,FALSE,--,134
0526,5,0100,double,mixed,4030,800,FALSE,TRUE,FALSE,--,206
0601,6,0100,double,mixed,4030,800,FALSE,TRUE,FALSE,--,206
0602,6,0100,double,mixed,4030,800,FALSE,TRUE,FALSE,--,206
0603,6,0100,single,mixed,4030,800,FALSE,TRUE,FALSE,--,135
0604,6,0100,single,mixed,4420,500,FALSE,TRUE,FALSE,--,111
0605,6,0100,double,mixed,4030,800,FALSE,TRUE,FALSE,--,200
0606,6,0100,single,mixed,4420,500,FALSE,TRUE,FALSE,--,111
0607,6,0100,double,mixed,4030,800,FALSE,TRUE,FALSE,--,200
0609,6,0100,double,mixed,4030,800,FALSE,TRUE,FALSE,--,200
0610,6,0100,single,mixed,4420,500,FALSE,TRUE,FALSE,--,111
0611,6,0100,double,mixed,4030,800,FALSE,TRUE,FALSE,--,200
0612,6,0100,single,mixed,4420,500,FALSE,TRUE,FALSE,--,111
0613,6,0100,single,mixed,4420,500,FALSE,TRUE,FALSE,--,118
0614,6,0100,double,mixed,4030,800,FALSE,TRUE,FALSE,--,200
0615,6,0100,single,mixed,4420,500,FALSE,TRUE,FALSE,--,118
0616,6,0100,double,mixed,4030,800,FALSE,TRUE,FALSE,--,200
0618,6,0100,double,mixed,4030,800,FALSE,TRUE,FALSE,--,200
0620,6,0100,double,mixed,4030,800,FALSE,TRUE,FALSE,--,200
0622,6,0100,single,mixed,4420,500,FALSE,TRUE,FALSE,--,141
0619,6,0100,single,mixed,4420,500,FALSE,TRUE,FALSE,--,111
0621,6,0100,single,mixed,4420,500,FALSE,TRUE,FALSE,--,111
0623,6,0100,double,mixed,4030,800,FALSE,TRUE,FALSE,--,206
0624,6,0100,single,mixed,4420,500,FALSE,TRUE,FALSE,--,134
0626,6,0100,double,mixed,4030,800,FALSE,TRUE,FALSE,--,206
&,Village A,,,,,,,,,,
A211,2,0100,single,mixed,4420,180,FALSE,TRUE,TRUE,--,112
A212,2,0100,double,mixed,4030,100,FALSE,TRUE,TRUE,--,222
A213,2,0100,double,mixed,4030,100,FALSE,TRUE,TRUE,--,176
A214,2,0100,single,mixed,4420,180,FALSE,TRUE,TRUE,--,116
A215,2,0100,single,mixed,4420,180,FALSE,TRUE,TRUE,--,116
A216,2,0100,single,mixed,4420,180,FALSE,TRUE,TRUE,--,114
A219,2,0100,single,mixed,4420,180,FALSE,TRUE,TRUE,--,123
A220,2,0100,double,mixed,4030,100,FALSE,TRUE,TRUE,--,226
A221,2,0100,single,mixed,4420,180,FALSE,TRUE,TRUE,--,148
A222,2,0100,single,mixed,4420,180,FALSE,TRUE,TRUE,--,114
A223,2,0100,single,mixed,4420,180,FALSE,TRUE,TRUE,--,116
A224,2,0100,single,mixed,4420,180,FALSE,TRUE,TRUE,--,110
A225,2,0100,single,mixed,4420,180,FALSE,TRUE,TRUE,--,110
A228,2,0100,double,mixed,4030,100,FALSE,TRUE,TRUE,--,197
A229,2,0100,single,mixed,4420,180,FALSE,TRUE,TRUE,--,116
A230,2,0100,single,mixed,4420,180,FALSE,TRUE,TRUE,--,114
A237,2,0100,double,mixed,4030,100,FALSE,TRUE,TRUE,--,182
A238,2,0100,single,mixed,4420,180,FALSE,TRUE,TRUE,--,154
A240,2,0100,single,mixed,4420,180,FALSE,TRUE,TRUE,--,116
A241,2,0100,single,mixed,4420,180,FALSE,TRUE,TRUE,--,114
A242,2,0100,single,mixed,4420,180,FALSE,TRUE,TRUE,--,116
A243,2,0100,single,mixed,4420,180,FALSE,TRUE,TRUE,--,125
A311,3,0100,single,mixed,4420,180,FALSE,TRUE,TRUE,--,169
A313,3,0100,double,mixed,4030,100,FALSE,TRUE,TRUE,--,177
A314,3,0100,single,mixed,4420,180,FALSE,TRUE,TRUE,--,116
A315,3,0100,single,mixed,4420,180,FALSE,TRUE,TRUE,--,116
A316,3,0100,single,mixed,4420,180,FALSE,TRUE,TRUE,--,114
A319,3,0100,single,mixed,4420,180,FALSE,TRUE,TRUE,--,123
A320,3,0100,double,mixed,4030,100,FALSE,TRUE,TRUE,--,228
A322,3,0100,single,mixed,4420,180,FALSE,TRUE,TRUE,--,114
A323,3,0100,single,mixed,4420,180,FALSE,TRUE,TRUE,--,116
A324,3,0100,single,mixed,4420,180,FALSE,TRUE,TRUE,--,110
A325,3,0100,single,mixed,4420,180,FALSE,TRUE,TRUE,--,110
A326,3,0100,single,mixed,4420,180,FALSE,TRUE,TRUE,--,142
A328,3,0100,double,mixed,4030,100,FALSE,TRUE,TRUE,--,197
A329,3,0100,single,mixed,4420,180,FALSE,TRUE,TRUE,--,116
A330,3,0100,single,mixed,4420,180,FALSE,TRUE,TRUE,--,114
A337,3,0100,double,mixed,4030,100,FALSE,TRUE,TRUE,--,206
A338,3,0100,double,mixed,4030,100,FALSE,TRUE,TRUE,--,196
A340,3,0100,single,mixed,4420,180,FALSE,TRUE,TRUE,--,116
A341,3,0100,single,mixed,4420,180,FALSE,TRUE,TRUE,--,114
A342,3,0100,single,mixed,4420,180,FALSE,TRUE,TRUE,--,116
A343,3,0100,single,mixed,4420,180,FALSE,TRUE,TRUE,--,125
A409,4,0100,single,mixed,4420,180,FALSE,TRUE,TRUE,--,108
A411,4,0100,single,mixed,4420,180,FALSE,TRUE,TRUE,--,111
A413,4,0100,double,mixed,4030,100,FALSE,TRUE,TRUE,--,177
A414,4,0100,single,mixed,4420,180,FALSE,TRUE,TRUE,--,116
A415,4,0100,single,mixed,4420,180,FALSE,TRUE,TRUE,--,116
A416,4,0100,single,mixed,4420,180,FALSE,TRUE,TRUE,--,114
A419,4,0100,single,mixed,4420,180,FALSE,TRUE,TRUE,--,123
A420,4,0100,double,mixed,4030,100,FALSE,TRUE,TRUE,--,228
A422,4,0100,single,mixed,4420,180,FALSE,TRUE,TRUE,--,114
A423,4,0100,single,mixed,4420,180,FALSE,TRUE,TRUE,--,116
A424,4,0100,single,mixed,4420,180,FALSE,TRUE,TRUE,--,110
A425,4,0100,single,mixed,4420,180,FALSE,TRUE,TRUE,--,110
A426,4,0100,single,mixed,4420,180,FALSE,TRUE,TRUE,--,142
A428,4,0100,double,mixed,4030,100,FALSE,TRUE,TRUE,--,197
A429,4,0100,single,mixed,4420,180,FALSE,TRUE,TRUE,--,116
A430,4,0100,single,mixed,4420,180,FALSE,TRUE,TRUE,--,114
A437,4,0100,double,mixed,4030,100,FALSE,TRUE,TRUE,--,206
A438,4,0100,double,mixed,4030,100,FALSE,TRUE,TRUE,--,195
&,Village B,,,,,,,,,,
B118,1,1010,double,mixed,4030,100,FALSE,TRUE,TRUE,--,197
B119,1,1010,single,mixed,4420,180,FALSE,TRUE,TRUE,--,142
B120,1,1010,single,mixed,4420,180,FALSE,TRUE,TRUE,--,114
B121,1,1010,single,mixed,4420,180,FALSE,TRUE,TRUE,--,115
B122,1,1010,single,mixed,4420,180,FALSE,TRUE,TRUE,--,114
B123,1,1010,single,mixed,4420,180,FALSE,TRUE,TRUE,--,115
B126,1,1010,double,mixed,4030,100,FALSE,TRUE,TRUE,--,228
B127,1,1010,single,mixed,4420,180,FALSE,TRUE,TRUE,--,115
B128,1,1010,double,mixed,4030,100,FALSE,TRUE,TRUE,--,189
B207,2,1010,double,mixed,4030,100,FALSE,TRUE,TRUE,--,161
B209,2,1010,double,mixed,4030,100,FALSE,TRUE,TRUE,--,181
B210,2,1010,double,mixed,4030,100,FALSE,TRUE,TRUE,--,184
B218,2,1010,double,mixed,4030,100,FALSE,TRUE,TRUE,--,197
B220,2,1010,single,mixed,4420,180,FALSE,TRUE,TRUE,--,114
B221,2,1010,single,mixed,4420,180,FALSE,TRUE,TRUE,--,116
B222,2,1010,single,mixed,4420,180,FALSE,TRUE,TRUE,--,114
B223,2,1010,single,mixed,4420,180,FALSE,TRUE,TRUE,--,116
B224,2,1010,single,mixed,4420,180,FALSE,TRUE,TRUE,--,148
B226,2,1010,double,mixed,4030,100,FALSE,TRUE,TRUE,--,228
B227,2,1010,single,mixed,4420,180,FALSE,TRUE,TRUE,--,114
B228,2,1010,single,mixed,4420,180,FALSE,TRUE,TRUE,--,179
B235,2,1010,double,mixed,4030,100,FALSE,TRUE,TRUE,--,197
B236,2,1010,double,mixed,4030,100,FALSE,TRUE,TRUE,--,192
B237,2,1010,single,mixed,4420,180,FALSE,TRUE,TRUE,--,122
B238,2,1010,single,mixed,4420,180,FALSE,TRUE,TRUE,--,113
B239,2,1010,single,mixed,4420,180,FALSE,TRUE,TRUE,--,123
B307,3,1010,double,mixed,4030,100,FALSE,TRUE,TRUE,--,161
B309,3,1010,double,mixed,4030,100,FALSE,TRUE,TRUE,--,181
B310,3,1010,double,mixed,4030,100,FALSE,TRUE,TRUE,--,184
B318,3,1010,double,mixed,4030,100,FALSE,TRUE,TRUE,--,197
B320,3,1010,single,mixed,4420,180,FALSE,TRUE,TRUE,--,114
B321,3,1010,single,mixed,4420,180,FALSE,TRUE,TRUE,--,118
B322,3,1010,single,mixed,4420,180,FALSE,TRUE,TRUE,--,114
B323,3,1010,single,mixed,4420,180,FALSE,TRUE,TRUE,--,116
B324,3,1010,single,mixed,4420,180,FALSE,TRUE,TRUE,--,148
B326,3,1010,double,mixed,4030,100,FALSE,TRUE,TRUE,--,228
B327,3,1010,single,mixed,4420,180,FALSE,TRUE,TRUE,--,114
B328,3,1010,single,mixed,4420,180,FALSE,TRUE,TRUE,--,179
B335,3,1010,double,mixed,4030,100,FALSE,TRUE,TRUE,--,197
B336,3,1010,double,mixed,4030,100,FALSE,TRUE,TRUE,--,192
B337,3,1010,single,mixed,4420,180,FALSE,TRUE,TRUE,--,122
B338,3,1010,single,mixed,4420,180,FALSE,TRUE,TRUE,--,113
B339,3,1010,single,mixed,4420,180,FALSE,TRUE,TRUE,--,124
&,Village C,,,,,,,,,,
C106,1,1010,double,male,4030,100,FALSE,TRUE,TRUE,--,186
C107,1,1010,double,male,4030,100,FALSE,TRUE,TRUE,--,179
C109,1,1010,single,male,4420,180,FALSE,TRUE,TRUE,--,113
C110,1,1010,single,male,4420,180,FALSE,TRUE,TRUE,--,121
C111,1,1010,single,male,4420,180,FALSE,TRUE,TRUE,--,120
C112,1,1010,double,male,4030,100,FALSE,TRUE,TRUE,--,186
C118,1,1010,double,mixed,4030,100,FALSE,TRUE,TRUE,--,168
C119,1,1010,single,mixed,4420,180,FALSE,TRUE,TRUE,--,116
C120,1,1010,single,mixed,4420,180,FALSE,TRUE,TRUE,--,114
C121,1,1010,single,mixed,4420,180,FALSE,TRUE,TRUE,--,117
C122,1,1010,double,mixed,4030,100,FALSE,TRUE,TRUE,--,204
C124,1,1010,double,mixed,4030,100,FALSE,TRUE,TRUE,--,179
C125,1,1010,single,mixed,4420,180,FALSE,TRUE,TRUE,--,116
C126,1,1010,single,mixed,4420,180,FALSE,TRUE,TRUE,--,116
C127,1,1010,single,mixed,4420,180,FALSE,TRUE,TRUE,--,116
C128,1,1010,single,mixed,4420,180,FALSE,TRUE,TRUE,--,111
C129,1,1010,single,mixed,4420,180,FALSE,TRUE,TRUE,--,118
C131,1,1010,double,mixed,4030,100,FALSE,TRUE,TRUE,--,185
C132,1,1010,single,mixed,4420,180,FALSE,TRUE,TRUE,--,119
C133,1,1010,single,mixed,4420,180,FALSE,TRUE,TRUE,--,120
C206,2,1010,double,mixed,4030,100,FALSE,TRUE,TRUE,--,186
C207,2,1010,double,mixed,4030,100,FALSE,TRUE,TRUE,--,170
C209,2,1010,single,mixed,4420,180,FALSE,TRUE,TRUE,--,115
C210,2,1010,single,mixed,4420,180,FALSE,TRUE,TRUE,--,121
C211,2,1010,single,mixed,4420,180,FALSE,TRUE,TRUE,--,120
C212,2,1010,double,mixed,4030,100,FALSE,TRUE,TRUE,--,186
C218,2,1010,double,mixed,4030,100,FALSE,TRUE,TRUE,--,186
C219,2,1010,single,mixed,4420,180,FALSE,TRUE,TRUE,--,116
C220,2,1010,single,mixed,4420,180,FALSE,TRUE,TRUE,--,114
C221,2,1010,single,mixed,4420,180,FALSE,TRUE,TRUE,--,115
C222,2,1010,double,mixed,4030,100,FALSE,TRUE,TRUE,--,204
C224,2,1010,double,mixed,4030,100,FALSE,TRUE,TRUE,--,179
C225,2,1010,single,mixed,4420,180,FALSE,TRUE,TRUE,--,116
C226,2,1010,single,mixed,4420,180,FALSE,TRUE,TRUE,--,116
C227,2,1010,single,mixed,4420,180,FALSE,TRUE,TRUE,--,116
C228,2,1010,single,mixed,4420,180,FALSE,TRUE,TRUE,--,111
C229,2,1010,single,mixed,4420,180,FALSE,TRUE,TRUE,--,118
C231,2,1010,double,mixed,4030,100,FALSE,TRUE,TRUE,--,184
C232,2,1010,single,mixed,4420,180,FALSE,TRUE,TRUE,--,119
C233,2,1010,single,mixed,4420,180,FALSE,TRUE,TRUE,--,120
C306,3,1010,double,mixed,4030,100,FALSE,TRUE,TRUE,--,186
C307,3,1010,double,mixed,4030,100,FALSE,TRUE,TRUE,--,181
C309,3,1010,single,mixed,4420,180,FALSE,TRUE,TRUE,--,115
C310,3,1010,single,mixed,4420,180,FALSE,TRUE,TRUE,--,121
C311,3,1010,single,mixed,4420,180,FALSE,TRUE,TRUE,--,121
C312,3,1010,double,mixed,4030,100,FALSE,TRUE,TRUE,--,187
C318,3,1010,double,mixed,4030,100,FALSE,TRUE,TRUE,--,188
C319,3,1010,single,mixed,4420,180,FALSE,TRUE,TRUE,--,116
C320,3,1010,single,mixed,4420,180,FALSE,TRUE,TRUE,--,114
C321,3,1010,single,mixed,4420,180,FALSE,TRUE,TRUE,--,116
C322,3,1010,double,mixed,4030,100,FALSE,TRUE,TRUE,--,205
C324,3,1010,double,mixed,4030,100,FALSE,TRUE,TRUE,--,179
C225,3,1010,single,mixed,4420,180,FALSE,TRUE,TRUE,--,116
C326,3,1010,single,mixed,4420,180,FALSE,TRUE,TRUE,--,116
C327,3,1010,single,mixed,4420,180,FALSE,TRUE,TRUE,--,116
C328,3,1010,single,mixed,4420,180,FALSE,TRUE,TRUE,--,117
C329,3,1010,single,mixed,4420,180,FALSE,TRUE,TRUE,--,114
C331,3,1010,double,mixed,4030,100,FALSE,TRUE,TRUE,--,185
C332,3,1010,single,mixed,4420,180,FALSE,TRUE,TRUE,--,120
C333,3,1010,single,mixed,4420,180,FALSE,TRUE,TRUE,--,122
&,Usen Castle,,,,,,,,,,
A101,1,0100,double,female,4030,350,FALSE,TRUE,FALSE,--,197
A102,1,0100,double,female,4030,350,FALSE,TRUE,FALSE,--,192
A103,1,0100,double,female,4030,350,FALSE,TRUE,FALSE,--,184
A104,1,0100,double,female,4030,350,FALSE,TRUE,FALSE,--,190
A201,2,0100,single,female,4420,400,FALSE,TRUE,FALSE,--,151
A202,2,0100,single,female,4420,400,FALSE,TRUE,FALSE,--,174
A203,2,0100,single,female,4420,400,FALSE,TRUE,FALSE,--,178
A204,2,0100,single,female,4420,400,FALSE,TRUE,FALSE,--,177
A301,3,0100,single,male,4420,400,FALSE,TRUE,FALSE,--,163
A302,3,0100,single,male,4420,400,FALSE,TRUE,FALSE,--,203
A401,4,0100,single,male,4420,400,FALSE,TRUE,FALSE,--,158
A402,4,0100,single,male,4420,400,FALSE,TRUE,FALSE,--,203
B201,2,0100,single,female,4420,400,FALSE,TRUE,FALSE,--,137
B202,2,0100,single,female,4420,400,FALSE,TRUE,FALSE,--,157
B203,2,0100,single,female,4420,400,FALSE,TRUE,FALSE,--,178
B204,2,0100,double,female,4030,350,FALSE,TRUE,FALSE,--,193
B205,2,0100,double,female,4030,350,FALSE,TRUE,FALSE,--,200
B301,3,0100,single,male,4420,400,FALSE,TRUE,FALSE,--,162
B302,3,0100,single,male,4420,400,FALSE,TRUE,FALSE,--,157
B303,3,0100,single,male,4420,400,FALSE,TRUE,FALSE,--,183
B304,3,0100,double,male,4030,350,FALSE,TRUE,FALSE,--,205
B305,3,0100,double,male,4030,350,FALSE,TRUE,FALSE,--,200
B401,4,0100,single,female,4420,400,FALSE,TRUE,FALSE,--,140
B402,4,0100,single,female,4420,400,FALSE,TRUE,FALSE,--,158
B403,4,0100,single,female,4420,400,FALSE,TRUE,FALSE,--,185
B404,4,0100,double,female,4030,350,FALSE,TRUE,FALSE,--,190
B405,4,0100,double,female,4030,350,FALSE,TRUE,FALSE,--,203
B501,5,0100,single,male,4420,400,FALSE,TRUE,FALSE,--,98
B502,5,0100,single,male,4420,400,FALSE,TRUE,FALSE,--,224
B504,5,0100,triple,male,4030,200,FALSE,TRUE,FALSE,--,348
B505,5,0100,double,male,4030,350,FALSE,TRUE,FALSE,--,296
C201,2,0100,single,female,4420,400,FALSE,TRUE,FALSE,--,140
C202,2,0100,single,female,4420,400,FALSE,TRUE,FALSE,--,95
C203,2,0100,single,female,4420,400,FALSE,TRUE,FALSE,--,169
C204,2,0100,single,female,4420,400,FALSE,TRUE,FALSE,--,163
C205,2,0100,single,female,4420,400,FALSE,TRUE,FALSE,--,155
C206,2,0100,single,female,4420,400,FALSE,TRUE,FALSE,--,160
C207,2,0100,single,female,4420,400,FALSE,TRUE,FALSE,--,153
C208,2,0100,single,female,4420,400,FALSE,TRUE,FALSE,--,150
C209,2,0100,single,female,4420,400,FALSE,TRUE,FALSE,--,156
C101,1,0100,single,female,4420,400,FALSE,TRUE,FALSE,--,240
C102,1,0100,single,female,4420,400,FALSE,TRUE,FALSE,--,128
C103,1,0100,single,female,4420,400,FALSE,TRUE,FALSE,--,133
C104,1,0100,single,female,4420,400,FALSE,TRUE,FALSE,--,182
C105,1,0100,single,female,4420,400,FALSE,TRUE,FALSE,--,149
C106,1,0100,single,female,4420,400,FALSE,TRUE,FALSE,--,168
C107,1,0100,single,female,4420,400,FALSE,TRUE,FALSE,--,124
C108,1,0100,single,female,4420,400,FALSE,TRUE,FALSE,--,173
C110,1,0100,single,female,4420,400,FALSE,TRUE,FALSE,--,134
D101,1,0100,double,female,4030,350,FALSE,TRUE,FALSE,--,248
D102,1,0100,double,female,4030,350,FALSE,TRUE,FALSE,--,275
D103,1,0100,double,female,4030,350,FALSE,TRUE,FALSE,--,230
D104,1,0100,single,female,4420,400,FALSE,TRUE,FALSE,--,183
D105,1,0100,double,female,4030,350,FALSE,TRUE,FALSE,--,259
D106,1,0100,double,female,4030,350,FALSE,TRUE,FALSE,--,242
D107,1,0100,single,female,4420,400,FALSE,TRUE,FALSE,--,232
D108,1,0100,triple,female,4030,200,FALSE,TRUE,FALSE,--,200
D109,1,0100,double,female,4030,350,FALSE,TRUE,FALSE,--,220
E102A,1,0100,suite,mixed,4030,100,FALSE,TRUE,FALSE,--,206
E102B,1,0100,suite,mixed,4420,100,FALSE,TRUE,FALSE,--,193
E102C,1,0100,suite,mixed,4420,100,FALSE,TRUE,FALSE,--,110
E104A,1,0100,suite,mixed,4030,100,FALSE,TRUE,FALSE,--,339
E104B,1,0100,suite,mixed,4030,100,FALSE,TRUE,FALSE,--,155
E104C,1,0100,suite,mixed,4420,100,FALSE,TRUE,FALSE,--,113
E201A,2,0100,suite,mixed,4420,100,FALSE,TRUE,FALSE,--,216
E201B,2,0100,suite,mixed,4030,100,FALSE,TRUE,FALSE,--,137
E201C,2,0100,suite,mixed,4030,100,FALSE,TRUE,FALSE,--,147
E202A,2,0100,suite,mixed,4030,100,FALSE,TRUE,FALSE,--,185
E202B,2,0100,suite,mixed,4420,100,FALSE,TRUE,FALSE,--,180
E202C,2,0100,suite,mixed,4420,100,FALSE,TRUE,FALSE,--,118
E203A,2,0100,single,mixed,4420,400,FALSE,TRUE,FALSE,--,138
E203B,2,0100,double,mixed,4030,350,FALSE,TRUE,FALSE,--,330
E204A,2,0100,suite,mixed,4030,100,FALSE,TRUE,FALSE,--,193
E204B,2,0100,suite,mixed,4030,100,FALSE,TRUE,FALSE,--,150
B01A,0,0100,single,mixed,4420,400,FALSE,TRUE,FALSE,--,121
B01B,0,0100,single,mixed,4420,400,FALSE,TRUE,FALSE,--,120
101,1,0100,double,female,4030,350,FALSE,TRUE,FALSE,--,287
102,1,0100,double,female,4030,350,FALSE,TRUE,FALSE,--,188
103,1,0100,single,female,4420,400,FALSE,TRUE,FALSE,--,101
104,1,0100,single,female,4420,400,FALSE,TRUE,FALSE,--,119
105,1,0100,single,female,4420,400,FALSE,TRUE,FALSE,--,95
106,1,0100,double,female,4030,350,FALSE,TRUE,FALSE,--,180
107,1,0100,single,female,4420,400,FALSE,TRUE,FALSE,--,174
201,2,0100,single,male,4420,400,FALSE,TRUE,FALSE,--,99
202,2,0100,double,male,4030,350,FALSE,TRUE,FALSE,--,179
203,2,0100,single,male,4420,400,FALSE,TRUE,FALSE,--,102
204,2,0100,single,male,4420,400,FALSE,TRUE,FALSE,--,120
205,2,0100,single,male,4420,400,FALSE,TRUE,FALSE,--,102
206,2,0100,single,male,4420,400,FALSE,TRUE,FALSE,--,111
207,2,0100,single,male,4420,400,FALSE,TRUE,FALSE,--,98
208,2,0100,single,male,4420,400,FALSE,TRUE,FALSE,--,95
209,2,0100,single,male,4420,400,FALSE,TRUE,FALSE,--,113
210,2,0100,single,male,4420,400,FALSE,TRUE,FALSE,--,111